latitude,longitude,elevation,distance_to_coast_km,training_rows,rainfall_mean,rainfall_std,rainfall_max,rainfall_median,rainfall_p95,rainfall_p99,rain_rate_ge20,rain_rate_ge50,rain_rate_ge100,rain_rate_ge150,elevation_climatology,log_distance_to_coast_km,rainfall_extreme_ratio,tail_risk_score,coast_distance_band,elevation_band
6.999850171323895,93.80451706599516,9.53,9.085449178698585,6909,5.288439716312057,5.592823007414173,51.23,3.66,16.12,27.474000000000014,0.02851353307280359,0.0004342162396873643,0.0,0.0,9.53,2.3110937097002586,5.195104090938786,0.0004342162396873643,"(0.882, 43.692]","(0.009000000000000001, 61.12]"
8.329342470797886,77.35384378666343,261.01,20.321755095712128,6909,3.5919785786655085,8.499494818367868,107.81,0.37,18.331999999999933,42.201600000000035,0.04400057895498625,0.006223766102185555,0.0002894774931249095,0.0,261.01,3.0597279174718923,11.748841850509285,0.006802721088435374,"(0.882, 43.692]","(222.892, 282.49]"
8.57357576660167,77.05325455423964,86.25,18.94288401385566,6909,4.919916051526993,9.816303674364727,112.43,0.93,23.219999999999974,49.363600000000005,0.06455348096685483,0.00969749601968447,0.0002894774931249095,0.0,86.25,2.99287238867169,10.033421190440404,0.010276451005934288,"(0.882, 43.692]","(61.12, 109.578]"
8.776908117841964,77.52073263822214,248.22,67.091865788056,6909,3.727012592270951,8.18570927446026,97.29,0.56,18.48199999999999,40.494000000000014,0.04486901143436098,0.005644811115935736,0.0,0.0,248.22,4.220857760912022,10.864999280919212,0.005644811115935736,"(43.692, 129.905]","(222.892, 282.49]"
8.851285091718552,77.99314926602764,36.06,20.37358185324594,6909,2.91405557967868,6.855040818340488,102.44,0.27,15.091999999999988,34.086800000000004,0.032276740483427414,0.0034737299174989146,0.00014473874656245476,0.0,36.06,3.062155666574854,11.697370681717718,0.003763207410623824,"(0.882, 43.692]","(0.009000000000000001, 61.12]"
8.965926519151386,76.85888977486124,211.5,21.41027402240517,6909,5.641422781878709,10.505704693683995,123.02,1.2,25.75,52.00640000000001,0.07772470690403821,0.011000144738746562,0.0007236937328122738,0.0,211.5,3.1095195154223783,9.21866571468255,0.01244753220437111,"(0.882, 43.692]","(172.721, 222.892]"
9.279685117104956,76.97765460309046,420.08,45.353688018675996,6909,6.1272036474164135,11.343907649511038,159.06,1.37,27.19199999999996,53.739200000000004,0.0864090316977855,0.01244753220437111,0.0008684324793747286,0.0002894774931249095,420.08,3.8363008577499005,8.77059003124036,0.015052829642495295,"(43.692, 129.905]","(359.084, 440.154]"
9.483605699029855,76.41393050343102,9.67,2.5812898259645047,6909,7.430811984368216,13.477019804753361,173.19,1.84,32.95199999999999,62.470400000000026,0.11188305109277753,0.020263424518743668,0.002026342451874367,0.0004342162396873643,9.67,1.275723022107247,8.406940146578242,0.025618758141554496,"(0.882, 43.692]","(0.009000000000000001, 61.12]"
9.496041344887333,77.86542451715609,81.41,71.42674211340655,6909,2.888902880301057,6.514154408320982,85.73,0.27,15.081999999999988,33.284400000000005,0.029381965552178316,0.002315819944999276,0.0,0.0,81.41,4.282575597400039,11.521463288190603,0.002315819944999276,"(43.692, 129.905]","(61.12, 109.578]"
9.519031284767802,78.65038729542894,26.73,29.44820234628099,6909,2.6556448111159354,6.136334324037335,78.66,0.22,13.991999999999962,30.8784,0.026921406860616587,0.0013026487190620929,0.0,0.0,26.73,3.4160269561662684,11.627454184872835,0.0013026487190620929,"(0.882, 43.692]","(0.009000000000000001, 61.12]"
9.627160134500263,76.64548108615182,420.08,18.652171518255617,6909,6.1272036474164135,11.343907649511038,159.06,1.37,27.19199999999996,53.739200000000004,0.0864090316977855,0.01244753220437111,0.0008684324793747286,0.0002894774931249095,420.08,2.9781878420443997,8.77059003124036,0.015052829642495295,"(0.882, 43.692]","(359.084, 440.154]"
9.817444027970172,76.97746737527882,711.18,60.752305307016776,6909,5.576957591547257,9.880083488840777,137.13,1.35,24.747999999999983,45.88280000000001,0.07236937328122739,0.008394847300622376,0.0004342162396873643,0.0,711.1800000000001,4.123131307718385,8.227208297644973,0.009263279779997104,"(43.692, 129.905]","(578.224, 1013.903]"
9.868418285552954,77.42268540810433,706.32,107.75391371048266,6909,3.061707917209437,5.882052553966391,71.73,0.62,14.411999999999988,28.74960000000001,0.02677666811405413,0.001157909972499638,0.0,0.0,706.3199999999999,4.689087657463605,9.390050059430058,0.001157909972499638,"(43.692, 129.905]","(578.224, 1013.903]"
9.941189034092387,78.0235467086555,218.52,102.04255025009167,6909,2.6087422202923722,6.177906323712824,84.6,0.24,13.08,29.8384,0.026487190620929222,0.0017368649587494573,0.0,0.0,218.52,4.635142012147704,11.437844770577263,0.0017368649587494573,"(43.692, 129.905]","(172.721, 222.892]"
9.96687399244852,78.72038578037471,75.96,42.61975409349825,6909,2.4959111304096107,6.122581852396317,86.36,0.18,13.445999999999994,29.9784,0.02634245187436677,0.001881603705311912,0.0,0.0,75.96000000000001,3.775510123286209,12.010999760268069,0.001881603705311912,"(0.882, 43.692]","(61.12, 109.578]"
10.026588000395313,76.49381564842825,47.32,19.185557250301073,6909,7.26795918367347,12.9282636124306,156.36,1.72,32.65599999999994,62.96840000000004,0.11144883485309018,0.017368649587494574,0.0014473874656245477,0.00014473874656245476,47.32,3.00496736107276,8.663833924331394,0.020697640758431033,"(0.882, 43.692]","(0.009000000000000001, 61.12]"
10.292403286831284,78.81832495356751,96.48,48.05894897906134,6909,2.2965335070198294,5.866463625197315,85.27,0.16,12.71,27.851200000000006,0.023737154436242584,0.001881603705311912,0.0,0.0,96.48,3.893022615426411,12.127490318506903,0.001881603705311912,"(43.692, 129.905]","(61.12, 109.578]"
10.424918609545127,77.81498094011764,235.77,153.22668791217697,6909,2.23815747575626,5.6277640374215645,89.13,0.19,11.483999999999979,27.168400000000002,0.020552902011868577,0.0017368649587494573,0.0,0.0,235.77,5.038423519514184,12.138729359108481,0.0017368649587494573,"(129.905, 221.794]","(222.892, 282.49]"
10.472927862510014,76.28602747280819,88.93,22.007105438736463,6909,6.236504559270517,10.35005796445414,99.71,1.72,27.085999999999967,50.80720000000001,0.08886959038934723,0.010710667245621653,0.0,0.0,88.92999999999999,3.1358031003384252,8.14674171571538,0.010710667245621653,"(0.882, 43.692]","(61.12, 109.578]"
10.6589273813557,79.19806287764803,25.3,42.604138888704014,6909,2.7684035316254163,6.581790584443916,92.46,0.36,14.62,32.28640000000001,0.02981618179186568,0.0026052974381241857,0.0,0.0,25.3,3.775152074489551,11.662457430324917,0.0026052974381241857,"(0.882, 43.692]","(0.009000000000000001, 61.12]"
10.687175874610825,79.49760574166763,25.3,38.54752631293029,6909,2.7684035316254163,6.581790584443916,92.46,0.36,14.62,32.28640000000001,0.02981618179186568,0.0026052974381241857,0.0,0.0,25.3,3.6775031464404053,11.662457430324917,0.0026052974381241857,"(0.882, 43.692]","(0.009000000000000001, 61.12]"
10.693947839637175,92.4893705027524,7.14,9.310416477859714,6909,5.893459256042843,8.48847735054498,203.42,2.69,22.293999999999976,36.96960000000003,0.06585612968591692,0.002460558691561731,0.0002894774931249095,0.00014473874656245476,7.14,2.333154692737697,6.272987072763128,0.003473729917498914,"(0.882, 43.692]","(0.009000000000000001, 61.12]"
10.788943340590432,77.52424342350606,284.14,153.45797921532758,6909,1.9160949486177448,4.164008153566652,61.11,0.3,9.687999999999983,19.842800000000008,0.00998697351280938,0.0002894774931249095,0.0,0.0,284.14,5.039922080155935,10.355848836439758,0.0002894774931249095,"(129.905, 221.794]","(282.49, 359.084]"
10.78964417685464,76.47412662818878,370.89,55.123698086228984,6909,5.458526559559994,9.201189577182948,100.11,1.4,23.637999999999984,43.40600000000002,0.07179041829497756,0.005500072369373281,0.00014473874656245476,0.0,370.89,4.027558149111482,7.951961316743619,0.005789549862498191,"(43.692, 129.905]","(359.084, 440.154]"
10.809775872400987,73.6756669762464,0.01,1.6089107782230538,6909,6.038532349109857,9.808576902430872,109.66,1.86,25.757999999999956,45.11560000000003,0.08033000434216239,0.007236937328122739,0.0004342162396873643,0.0,0.01,0.958932807878405,7.471284398330026,0.008105369807497468,"(0.882, 43.692]","(0.009000000000000001, 61.12]"
10.811117591748948,77.07896747346707,540.94,111.49741936040913,6909,3.1248516427847735,5.303028182082514,78.43,0.85,13.33,25.041200000000007,0.019829208279056303,0.0002894774931249095,0.0,0.0,540.94,4.722930282362786,8.013561873971776,0.0002894774931249095,"(43.692, 129.905]","(440.154, 578.224]"
10.822899680288163,78.3834533664233,216.87,117.28370146155308,6909,2.0840034737299176,5.214641724286422,81.82,0.16,10.99,24.523200000000013,0.016355478361557388,0.001157909972499638,0.0,0.0,216.87,4.7730859885557795,11.767345180458651,0.001157909972499638,"(43.692, 129.905]","(172.721, 222.892]"
10.855512040102631,78.73204994003676,163.36,90.08061748996157,6909,2.2609277753654653,5.651564419939608,91.02,0.15,12.267999999999956,26.623600000000003,0.021131856998118398,0.0013026487190620929,0.0,0.0,163.35999999999999,4.511745020816404,11.775514686744813,0.0013026487190620929,"(43.692, 129.905]","(109.578, 172.721]"
10.912826436023034,79.80197483016285,3.33,4.439022774699383,6909,2.8533289911709367,6.2076483965438465,134.66,0.79,12.731999999999989,29.003600000000006,0.02127659574468085,0.001881603705311912,0.00014473874656245476,0.0,3.33,1.6935994077274024,10.164824990360698,0.0021710811984368217,"(0.882, 43.692]","(0.009000000000000001, 61.12]"
11.10864929938693,76.1101009507567,370.89,29.545627207426488,6909,5.458526559559994,9.201189577182948,100.11,1.4,23.637999999999984,43.40600000000002,0.07179041829497756,0.005500072369373281,0.00014473874656245476,0.0,370.89,3.419221539772939,7.951961316743619,0.005789549862498191,"(0.882, 43.692]","(359.084, 440.154]"
11.152073358491675,79.25989961453597,39.16,48.36560976464001,6909,2.751066724562165,6.794702120173314,104.12,0.31,14.273999999999978,32.75,0.029960920538428137,0.0036184686640613694,0.00014473874656245476,0.0,39.160000000000004,3.8992540231524253,11.904468838625988,0.0039079461571862786,"(43.692, 129.905]","(0.009000000000000001, 61.12]"
11.194279711620366,79.69743874856957,3.33,11.361719066190231,6909,2.8533289911709367,6.2076483965438465,134.66,0.79,12.731999999999989,29.003600000000006,0.02127659574468085,0.001881603705311912,0.00014473874656245476,0.0,3.33,2.514604525383497,10.164824990360698,0.0021710811984368217,"(0.882, 43.692]","(0.009000000000000001, 61.12]"
11.286915972840374,78.92938256274145,291.49,81.89749161236477,6909,2.3843045303227672,5.498351042269703,84.37,0.18,12.749999999999973,25.32,0.020118685772181212,0.001157909972499638,0.0,0.0,291.49,4.4176048036902795,10.619444395019455,0.001157909972499638,"(43.692, 129.905]","(282.49, 359.084]"
11.303167456654172,78.1204794200675,316.61,170.57384905708943,6909,2.203333333333333,5.118457866797636,77.5,0.17,11.677999999999983,23.554400000000005,0.016210739614994935,0.0008684324793747286,0.0,0.0,316.61,5.145013780668393,10.690343105744432,0.0008684324793747286,"(129.905, 221.794]","(282.49, 359.084]"
11.448194360994316,76.69502540358263,784.64,101.95365934186653,6909,2.60316254161239,4.56154621267678,76.14,0.65,11.51,21.2692,0.011289622231871473,0.00014473874656245476,0.0,0.0,784.64,4.634278977687812,8.170520084506844,0.00014473874656245476,"(43.692, 129.905]","(578.224, 1013.903]"
11.463513369508458,75.8946486538533,165.2,20.123205390339162,6909,7.166857721812129,11.830584338018642,141.22,1.97,30.573999999999977,53.879200000000004,0.10927775365465335,0.013026487190620929,0.0010131712259371835,0.0,165.19999999999996,3.0503722176980097,7.517826441313849,0.015052829642495295,"(0.882, 43.692]","(109.578, 172.721]"
11.498053032875418,77.35536455359703,417.46,172.43916566223163,6909,1.979733680706325,4.354689169557187,69.71,0.21,10.64,20.466800000000003,0.010565928499059199,0.0002894774931249095,0.0,0.0,417.46,5.1558269077129095,10.33815298557982,0.0002894774931249095,"(129.905, 221.794]","(359.084, 440.154]"
11.515030774194315,79.33851014987152,56.23,43.978877681462656,6909,2.842224634534665,6.969822206106674,101.26,0.3,14.337999999999983,33.0568,0.030105659284990594,0.0033289911709364598,0.00014473874656245476,0.0,56.230000000000004,3.8061929947183786,11.630603706595632,0.0036184686640613694,"(43.692, 129.905]","(0.009000000000000001, 61.12]"
11.646024682371207,78.20771580653582,316.61,165.4374378585632,6909,2.203333333333333,5.118457866797636,77.5,0.17,11.677999999999983,23.554400000000005,0.016210739614994935,0.0008684324793747286,0.0,0.0,316.61,5.114619490212088,10.690343105744432,0.0008684324793747286,"(129.905, 221.794]","(282.49, 359.084]"
11.698977011731502,75.53688990901384,165.2,0.8832873316277934,6909,7.166857721812129,11.830584338018642,141.22,1.97,30.573999999999977,53.879200000000004,0.10927775365465335,0.013026487190620929,0.0010131712259371835,0.0,165.19999999999996,0.6330188305075705,7.517826441313849,0.015052829642495295,"(0.882, 43.692]","(109.578, 172.721]"
11.714247463700998,76.12560625711035,673.19,56.88796683371115,6909,5.118798668403532,8.930294061833916,98.34,1.12,22.573999999999977,40.857600000000005,0.063974525980605,0.005355333622810827,0.0,0.0,673.1899999999999,4.058509536273789,7.98187126802382,0.005355333622810827,"(43.692, 129.905]","(578.224, 1013.903]"
11.921501890472824,79.794907731284,15.59,4.465014335946853,6909,3.1311680416847594,7.3779248591889175,130.67,0.58,14.66,35.6876,0.029381965552178316,0.004342162396873643,0.0004342162396873643,0.0,15.59,1.6983667448541284,11.397532207586565,0.005210594876248372,"(0.882, 43.692]","(0.009000000000000001, 61.12]"
11.95428841004493,77.10428781779143,788.11,162.63517289112892,6909,2.4348284845853234,4.363552176523503,66.27,0.55,10.905999999999995,20.607200000000013,0.010710667245621653,0.00014473874656245476,0.0,0.0,788.11,5.097639394282975,8.463508484048784,0.00014473874656245476,"(129.905, 221.794]","(578.224, 1013.903]"
11.978346942709976,79.16957855724937,94.93,71.22068484940779,6909,2.953971631205674,7.118889714485016,120.92,0.25,14.589999999999973,34.59480000000005,0.030829353017802867,0.0034737299174989146,0.0002894774931249095,0.0,94.92999999999999,4.279726498626391,11.71127979810702,0.004052684903748734,"(43.692, 129.905]","(61.12, 109.578]"
11.988705243194255,75.54693606024858,410.46,16.838623944886713,6909,7.953401360544218,13.575901060927789,143.77,1.75,35.40999999999989,63.748400000000004,0.12809379070777246,0.023881893182805036,0.0010131712259371835,0.0,410.46,2.8813659910427973,8.015236386913784,0.025908235634679404,"(0.882, 43.692]","(359.084, 440.154]"
12.14397955306525,78.11069457497352,481.33,187.74212326088642,6909,2.3885714285714283,5.165596531061426,75.34,0.21,12.275999999999994,24.1284,0.01910551454624403,0.0010131712259371835,0.0,0.0,481.33,5.240381656190217,10.10159864167521,0.0010131712259371835,"(129.905, 221.794]","(440.154, 578.224]"
12.188876078691347,92.81201757300028,7.19,2.608620931555424,6909,7.185892314372558,11.532727806454583,146.98,2.36,30.879999999999974,53.326,0.10450137501809234,0.012302793457808655,0.0007236937328122738,0.0,7.1899999999999995,1.2833256859395248,7.420928431172541,0.013750180923433202,"(0.882, 43.692]","(0.009000000000000001, 61.12]"
12.1969808776316,76.60780446315745,788.11,129.933329222476,6909,2.4348284845853234,4.363552176523503,66.27,0.55,10.905999999999995,20.607200000000013,0.010710667245621653,0.00014473874656245476,0.0,0.0,788.11,4.874688256415633,8.463508484048784,0.00014473874656245476,"(129.905, 221.794]","(578.224, 1013.903]"
12.383094770023316,75.66342982749988,601.03,53.69584116136775,6909,8.246668114054133,14.718783504578736,158.23,1.38,38.25399999999995,71.41800000000003,0.13576494427558258,0.029526704298740773,0.001157909972499638,0.00014473874656245476,601.03,4.001787676580798,8.660223783962437,0.03227674048342741,"(43.692, 129.905]","(578.224, 1013.903]"
12.429884145422452,79.00009125117779,417.52,104.26038720616434,6909,2.4960891590678824,5.36791367658786,65.12,0.21,12.861999999999988,25.184000000000015,0.01997394702561876,0.0007236937328122738,0.0,0.0,417.52,4.656437158487785,10.089379147027486,0.0007236937328122738,"(43.692, 129.905]","(359.084, 440.154]"
12.441142903566954,75.18738019817452,96.21,17.333776822428057,6909,9.54799536836011,16.424673570623646,167.34,1.84,43.435999999999964,76.22040000000001,0.1641337386018237,0.036329425387176144,0.003184252424374005,0.0002894774931249095,96.21000000000001,2.908745086586038,7.982868557907824,0.04356636271529888,"(0.882, 43.692]","(61.12, 109.578]"
12.515231900839552,78.17822435141194,632.25,191.6717257247227,6909,2.4509393544651905,5.233557365582279,65.55,0.19,12.535999999999994,25.707600000000003,0.020263424518743668,0.0004342162396873643,0.0,0.0,632.25,5.260987837746327,10.488872139693317,0.0004342162396873643,"(129.905, 221.794]","(578.224, 1013.903]"
12.639049840885695,79.91869045786164,30.77,30.07679453564586,6909,3.3695049934867565,8.49031021067665,156.79,0.38,16.213999999999977,41.51320000000002,0.03589520914748878,0.007381676074685193,0.0007236937328122738,0.00014473874656245476,30.77,3.436461384261842,12.320262994113941,0.009263279779997106,"(0.882, 43.692]","(0.009000000000000001, 61.12]"
12.643118641080894,76.72585384252648,714.58,162.74625009201972,6909,2.4161267911419886,4.825563021669566,58.04,0.41,11.119999999999973,24.643200000000032,0.015631784628745114,0.0002894774931249095,0.0,0.0,714.58,5.098317974051741,10.199460512952571,0.0002894774931249095,"(129.905, 221.794]","(578.224, 1013.903]"
12.720806626983318,77.31857795042899,720.22,225.3094097754375,6909,2.270897380228687,5.355028564435315,70.0,0.19,11.135999999999996,26.56200000000001,0.018671298306556665,0.0015921262121870025,0.0,0.0,720.22,5.42190313275354,11.696692476976942,0.0015921262121870025,"(221.794, 295.167]","(578.224, 1013.903]"
12.733615318853616,78.81065675772187,417.52,136.0263850562723,6909,2.4960891590678824,5.36791367658786,65.12,0.21,12.861999999999988,25.184000000000015,0.01997394702561876,0.0007236937328122738,0.0,0.0,417.52,4.920173498936356,10.089379147027486,0.0007236937328122738,"(129.905, 221.794]","(359.084, 440.154]"
12.823834524497869,75.2270068554031,162.98,31.744914171985933,6909,9.773375307569836,18.164431132046875,203.44,0.91,47.825999999999965,85.4552,0.16804168475901,0.04472427268779852,0.004631639889998552,0.0004342162396873643,162.98,3.4887476575636938,8.743672330902868,0.05529020118685772,"(0.882, 43.692]","(109.578, 172.721]"
12.949053587977822,77.55132584856408,841.72,258.35948455856305,6909,2.2846982197134174,5.7009845691156,74.51,0.14,11.57,28.4892,0.022000289477493124,0.002460558691561731,0.0,0.0,841.72,5.558215070626365,12.469562625216618,0.002460558691561731,"(221.794, 295.167]","(578.224, 1013.903]"
13.03249549357535,76.1742544775557,874.11,135.16866069824218,6909,3.9172615429150386,6.888276213078645,74.59,0.58,18.897999999999982,31.680800000000016,0.04298740772904907,0.001157909972499638,0.0,0.0,874.11,4.913894269575463,8.087484474917192,0.001157909972499638,"(129.905, 221.794]","(578.224, 1013.903]"
13.058653133575216,80.23621489576972,48.95,5.299388451344445,6909,3.403369518019974,9.149844548576649,178.98,0.24,17.50199999999999,43.50200000000004,0.039368939064987694,0.007815892314372557,0.0013026487190620929,0.0002894774931249095,48.95000000000001,1.840452557470604,12.782034682873375,0.01128962223187147,"(0.882, 43.692]","(0.009000000000000001, 61.12]"
13.178588716929807,78.26539037574138,793.9,199.88938993079051,6909,2.3727760891590677,5.260392096403592,61.32,0.15,12.085999999999995,25.090800000000016,0.020263424518743668,0.0004342162396873643,0.0,0.0,793.9,5.3027544577373025,10.574444651643365,0.0004342162396873643,"(129.905, 221.794]","(578.224, 1013.903]"
13.186618459424404,77.34018156229527,841.72,250.3701559215557,6909,2.2846982197134174,5.7009845691156,74.51,0.14,11.57,28.4892,0.022000289477493124,0.002460558691561731,0.0,0.0,841.72,5.526926577580162,12.469562625216618,0.002460558691561731,"(221.794, 295.167]","(578.224, 1013.903]"
13.25669989933267,80.05291364152598,69.26,27.78829768954135,6909,3.21790273556231,8.920282289203934,182.17,0.19,15.939999999999973,44.77200000000002,0.03546099290780142,0.008250108554059922,0.001157909972499638,0.0002894774931249095,69.26,3.359968974343147,13.91340564517427,0.011434360978433927,"(0.882, 43.692]","(61.12, 109.578]"
13.313880325643249,78.93425897212748,622.18,125.75070677059779,6909,2.2334332030684614,5.1771596195380924,63.15,0.12,11.675999999999995,25.52480000000005,0.01910551454624403,0.000578954986249819,0.0,0.0,622.1800000000001,4.842222218555137,11.428498750906627,0.000578954986249819,"(43.692, 129.905]","(578.224, 1013.903]"
13.40488907845837,75.63870107641489,810.8,95.3131212333034,6909,6.8107135620205534,13.090840855333665,149.74,0.46,33.67399999999998,62.225600000000014,0.1107251411202779,0.02156607323780576,0.0007236937328122738,0.0,810.7999999999998,4.567604563243084,9.13642752656182,0.023013460703430307,"(43.692, 129.905]","(578.224, 1013.903]"
13.420651964723945,76.87353843789454,782.66,218.19624443475462,6909,2.146896801273701,4.639857504154856,44.76,0.19,11.23,23.816000000000003,0.016789694601244753,0.0,0.0,0.0,782.66,5.389967421873961,11.093215515834316,0.0,"(129.905, 221.794]","(578.224, 1013.903]"
13.52274606651654,74.87659576713071,365.7,20.144605555274484,6909,9.043265306122448,16.97376598098118,187.84,0.44,44.887999999999984,78.8444,0.16037053119119987,0.03994789405123752,0.00303951367781155,0.0004342162396873643,365.7,3.051384816471645,8.718575493748423,0.04732957012592271,"(0.882, 43.692]","(359.084, 440.154]"
13.590544584379352,77.77664696936186,813.33,246.9856354090526,6909,2.1570560138949197,5.283725473678502,56.17,0.09,11.495999999999995,27.644400000000005,0.019829208279056303,0.000578954986249819,0.0,0.0,813.33,5.513370822749763,12.815794771267315,0.000578954986249819,"(221.794, 295.167]","(578.224, 1013.903]"
14.05428510233178,75.23735211666416,471.35,69.90804561389425,6909,7.356029816181792,13.484766979946425,113.47,0.38,36.667999999999985,62.584800000000016,0.1292517006802721,0.021421334491243307,0.0002894774931249095,0.0,471.3500000000001,4.261383905434095,8.507957832684172,0.022000289477493124,"(43.692, 129.905]","(440.154, 578.224]"
14.294022791268436,79.7806235968709,27.71,30.336072521199497,6909,2.704262556086264,8.45159209849723,176.68,0.12,13.27,40.873600000000025,0.032276740483427414,0.006947459834997829,0.000578954986249819,0.0004342162396873643,27.71,3.4447699106702565,15.114503136356353,0.00940801852655956,"(0.882, 43.692]","(0.009000000000000001, 61.12]"
14.311093765188248,76.52921560294809,633.18,207.03207091636762,6909,1.8902402663192936,4.401521822567668,62.3,0.13,9.08,22.5184,0.013315964683745839,0.00014473874656245476,0.0,0.0,633.1800000000001,5.33769225491363,11.912976613746334,0.00014473874656245476,"(129.905, 221.794]","(578.224, 1013.903]"
14.369501161146315,75.88837899330177,597.04,147.4192589409756,6909,3.7471935157041543,7.091153015069638,75.53,0.25,18.477999999999984,33.83000000000002,0.043276885222173975,0.0015921262121870025,0.0,0.0,597.04,5.000041099543237,9.028087508727273,0.0015921262121870025,"(129.905, 221.794]","(578.224, 1013.903]"
14.462432021005734,77.50551593023206,447.83,276.15882010316375,6909,1.668847879577363,4.907868014382746,79.74,0.03,8.893999999999979,25.59720000000001,0.014039658416558113,0.001157909972499638,0.0,0.0,447.83,5.6245906996537265,15.338237220426166,0.001157909972499638,"(221.794, 295.167]","(440.154, 578.224]"
14.47467053773677,78.66830748688338,246.25,151.90006944002445,6909,2.0189607757996817,5.153725353850894,89.75,0.05,11.361999999999988,24.366400000000013,0.0166449558546823,0.0007236937328122738,0.0,0.0,246.25,5.0297845670881145,12.068777275562253,0.0007236937328122738,"(129.905, 221.794]","(222.892, 282.49]"
14.71820710872994,75.38609222146049,597.04,106.70135060922026,6909,3.7471935157041543,7.091153015069638,75.53,0.25,18.477999999999984,33.83000000000002,0.043276885222173975,0.0015921262121870025,0.0,0.0,597.04,4.679362124559295,9.028087508727273,0.0015921262121870025,"(43.692, 129.905]","(578.224, 1013.903]"
14.726473355127114,74.64467340688982,165.67,34.9072374907518,6909,7.616204950065132,14.55338570703077,146.52,0.42,37.619999999999976,67.35640000000008,0.13272543059777103,0.02518454190186713,0.002315819944999276,0.0,165.67000000000002,3.580938876589098,8.843825973406622,0.02981618179186568,"(0.882, 43.692]","(109.578, 172.721]"
15.201523255522872,76.70929061460542,500.48,258.3861688196068,6909,1.5797467071935156,4.095458485333052,81.92,0.04,8.81,20.243600000000004,0.010565928499059199,0.00014473874656245476,0.0,0.0,500.48,5.558317950567213,12.814451261944582,0.00014473874656245476,"(221.794, 295.167]","(440.154, 578.224]"
15.216458730569023,74.11733225570022,302.4,18.11348801389414,6909,6.179735128093791,12.067111909652679,188.91,0.27,30.221999999999962,56.24000000000004,0.10146186134028079,0.014618613402807932,0.000578954986249819,0.00014473874656245476,302.4,2.950394264563618,9.10071220425198,0.016210739614994935,"(0.882, 43.692]","(282.49, 359.084]"
15.371994805612598,75.13411058655049,627.7,110.9585886380117,6909,2.8456071790418296,5.751576234420755,75.43,0.09,13.353999999999978,27.698800000000013,0.02185555073093067,0.0010131712259371835,0.0,0.0,627.7000000000002,4.718129058619349,9.733876998247426,0.0010131712259371835,"(43.692, 129.905]","(578.224, 1013.903]"
15.41613177808034,75.68182483455512,608.06,166.4790222363209,6909,1.8098465769286438,4.366429470051328,63.17,0.1,9.021999999999988,21.403200000000016,0.011579099724996381,0.0007236937328122738,0.0,0.0,608.0600000000001,5.120858103041716,11.825968259891685,0.0007236937328122738,"(129.905, 221.794]","(578.224, 1013.903]"
15.540454159936584,77.90359214099824,346.02,236.42767489197175,6909,1.9099840787378781,6.217010984290227,273.29,0.02,10.557999999999984,27.872400000000034,0.02040816326530612,0.0010131712259371835,0.00014473874656245476,0.00014473874656245476,346.02,5.4698630503263574,14.592993584231648,0.001736864958749457,"(221.794, 295.167]","(282.49, 359.084]"
15.572394846126366,76.31314714473173,546.24,236.03804124473902,6909,1.5958821826602982,4.005230344697373,61.44,0.07,8.101999999999988,19.6076,0.009263279779997104,0.0007236937328122738,0.0,0.0,546.24,5.468220639835703,12.286362945008676,0.0007236937328122738,"(221.794, 295.167]","(440.154, 578.224]"
15.60648281054175,73.87541217162624,76.19,6.642591632323537,6909,5.874016500217109,12.159756820572284,128.2,0.18,30.48,56.75640000000001,0.09654074395715734,0.014329135909683021,0.001157909972499638,0.0,76.19,2.0337367645472244,9.662279691523263,0.016644955854682297,"(0.882, 43.692]","(61.12, 109.578]"
15.622942495170784,79.50947852483236,185.95,71.20923557906494,6909,2.1063554783615572,5.670638758074109,150.96,0.03,11.611999999999988,27.34840000000002,0.01794760457374439,0.0017368649587494573,0.00014473874656245476,0.00014473874656245476,185.94999999999996,4.279567954325697,12.983747186645797,0.0024605586915617313,"(43.692, 129.905]","(172.721, 222.892]"
16.04956105932157,76.90077853464052,425.08,313.98799356855096,6909,1.6272875958894197,4.286625788415113,131.71,0.04,8.915999999999995,19.474400000000006,0.009842234766246924,0.0004342162396873643,0.00014473874656245476,0.0,425.08,5.75253452244382,11.967391677906999,0.0007236937328122738,"(295.167, 369.067]","(359.084, 440.154]"
16.101219510555097,77.73555147659592,370.49,267.67271117542566,6909,1.81762483716891,5.741743435453424,238.8,0.02,9.981999999999989,25.123600000000003,0.017368649587494574,0.001157909972499638,0.00014473874656245476,0.00014473874656245476,370.49,5.593493951756998,13.822206686460792,0.0018816037053119119,"(221.794, 295.167]","(359.084, 440.154]"
16.135891002527515,73.65311914660042,188.01,18.65629011178835,6909,6.493837024171371,14.490914056141095,251.88,0.06,35.54999999999995,68.31640000000006,0.10667245621652917,0.02489506440874222,0.0021710811984368217,0.000578954986249819,188.01,2.97839739456195,10.52018848417726,0.03097409176436532,"(0.882, 43.692]","(172.721, 222.892]"
16.165397937321277,74.88971680283761,642.08,125.52396131552628,6909,2.1231162252134896,4.5460401682455,72.94,0.06,10.525999999999994,21.926000000000002,0.013026487190620929,0.0002894774931249095,0.0,0.0,642.08,4.840431707744385,10.327267726724433,0.0002894774931249095,"(43.692, 129.905]","(578.224, 1013.903]"
16.259051391150752,80.18201094714064,85.53,55.83755907193922,6909,2.344977565494283,6.141538823461229,118.42,0.03,12.1,29.974400000000042,0.022000289477493124,0.0028947749312490953,0.00014473874656245476,0.0,85.53,4.040197358463352,12.782376965429503,0.003184252424374005,"(43.692, 129.905]","(61.12, 109.578]"
16.281398449540653,77.9896590307038,436.21,249.5838928023807,6909,1.9793689390649876,5.850750433763515,213.07,0.02,11.36,26.262000000000008,0.019684469532493847,0.0015921262121870025,0.00014473874656245476,0.00014473874656245476,436.21,5.523793765864671,13.267858363255542,0.0023158199449992765,"(221.794, 295.167]","(359.084, 440.154]"
16.29442527683244,75.59220106343618,578.14,200.2874549089462,6909,1.4383905051382255,3.2299761504695903,45.91,0.05,7.705999999999994,15.932000000000007,0.004776378636561007,0.0,0.0,0.0,578.14,5.304734010330905,11.076261186949228,0.0,"(129.905, 221.794]","(440.154, 578.224]"
16.41591862168016,78.6811171067502,408.61,188.24427930423423,6909,1.9828933275437834,5.601295980074234,194.2,0.03,10.867999999999984,26.158800000000014,0.017513388334057026,0.0010131712259371835,0.00014473874656245476,0.00014473874656245476,408.61,5.243038663613564,13.192230991150694,0.001736864958749457,"(129.905, 221.794]","(359.084, 440.154]"
16.433187756331318,81.03831634099835,17.64,25.703742815801792,6909,3.0015588363004775,8.744143437601197,226.43,0.05,15.32,38.827600000000025,0.03343465045592705,0.005934288609060646,0.0007236937328122738,0.000578954986249819,17.64,3.284803735948963,12.935807419337118,0.009118541033434652,"(0.882, 43.692]","(0.009000000000000001, 61.12]"
16.462702568467307,74.08843186448286,617.12,70.83823389811543,6909,3.234489795918367,7.533214820046986,158.04,0.03,16.603999999999953,34.434400000000025,0.03792155159936315,0.003763207410623824,0.000578954986249819,0.00014473874656245476,617.12,4.274416839868197,10.646003396717994,0.005355333622810827,"(43.692, 129.905]","(578.224, 1013.903]"
16.571299377817105,76.9104068696245,417.98,341.57692352857896,6909,1.740118685772181,4.376637453562316,105.03,0.04,9.641999999999962,21.326800000000002,0.0121580547112462,0.0004342162396873643,0.00014473874656245476,0.0,417.98,5.836496226728794,12.255938585360122,0.0007236937328122738,"(295.167, 369.067]","(359.084, 440.154]"
16.692641322446732,77.61335314926316,406.27,305.198709642146,6909,1.9194152554638877,5.471035064089835,185.71,0.02,10.837999999999955,24.826800000000002,0.017802865827181935,0.001157909972499638,0.00014473874656245476,0.00014473874656245476,406.27,5.724234269113286,12.934557540255812,0.0018816037053119119,"(295.167, 369.067]","(359.084, 440.154]"
16.70158981930335,77.95094813121791,436.21,272.3218073478264,6909,1.9793689390649876,5.850750433763515,213.07,0.02,11.36,26.262000000000008,0.019684469532493847,0.0015921262121870025,0.00014473874656245476,0.00014473874656245476,436.21,5.610649882461424,13.267858363255542,0.0023158199449992765,"(221.794, 295.167]","(359.084, 440.154]"
16.728675447052932,82.21131483677225,0.41,13.718250590421787,6909,3.318632218844985,7.3181302349215915,146.85,0.55,14.483999999999979,32.944800000000015,0.0288030105659285,0.004197423650311188,0.0004342162396873643,0.0,0.41000000000000003,2.689088260478624,9.927219378424141,0.005065856129685917,"(0.882, 43.692]","(0.009000000000000001, 61.12]"
16.812548097073424,75.89580378010305,544.04,253.9260313204373,6909,1.4670299609205384,3.55211774210715,48.58,0.04,8.2,17.7876,0.0060790273556231,0.0,0.0,0.0,544.04,5.540973429825855,12.124897479217868,0.0,"(221.794, 295.167]","(440.154, 578.224]"
16.853672316747904,79.21643124146348,216.37,170.62790983314764,6909,2.0540266319293674,5.362791471355498,93.91,0.03,11.177999999999983,25.536,0.017223910840932118,0.0017368649587494573,0.0,0.0,216.37,5.145328818543957,12.432159919880823,0.0017368649587494573,"(129.905, 221.794]","(172.721, 222.892]"
16.9865759463073,81.3444511081482,107.61,67.02321248355491,6909,3.0636068895643365,8.313262742313851,172.89,0.06,15.38,37.46880000000001,0.03242147922998987,0.005210594876248371,0.0008684324793747286,0.0002894774931249095,107.61,4.219849006978298,12.230285777638565,0.007815892314372557,"(43.692, 129.905]","(61.12, 109.578]"
17.076389647470258,79.79508668705715,123.1,154.9728274151068,6909,2.3616514690982777,5.929985326972011,92.67,0.03,12.143999999999979,28.242800000000006,0.022000289477493124,0.002026342451874367,0.0,0.0,123.09999999999998,5.04968180884138,11.958914518351476,0.002026342451874367,"(129.905, 221.794]","(109.578, 172.721]"
17.130275011333435,78.39175336010018,556.62,256.32497044941084,6909,2.0601013171225935,5.74527964057364,112.21,0.02,11.481999999999989,27.266800000000003,0.021131856998118398,0.0014473874656245477,0.0002894774931249095,0.0,556.62,5.550339762575002,13.235653284485577,0.0020263424518743665,"(221.794, 295.167]","(440.154, 578.224]"
17.162152450593204,82.04345672974414,63.12,30.87521450095922,6909,3.1486727456940224,8.67610077326411,190.36,0.08,16.009999999999973,38.87120000000001,0.03589520914748878,0.005210594876248371,0.0010131712259371835,0.0002894774931249095,63.12,3.4618287328978057,12.345261255840947,0.008105369807497466,"(0.882, 43.692]","(61.12, 109.578]"
17.16700371529537,80.408960731707,113.15,129.33843941050688,6909,2.790343030829353,7.291172746040009,157.95,0.05,14.465999999999996,35.43160000000002,0.029092488059053408,0.003763207410623824,0.0002894774931249095,0.00014473874656245476,113.15000000000002,4.870134447612568,12.69793244436205,0.004776378636561007,"(43.692, 129.905]","(109.578, 172.721]"
17.171575365094817,74.58573334830557,632.76,139.4732913734985,6909,2.7311029092488055,6.4774720293133905,135.44,0.02,14.147999999999984,29.61200000000001,0.027210884353741496,0.002315819944999276,0.00014473874656245476,0.0,632.76,4.945017373717302,10.842502147106089,0.0026052974381241857,"(129.905, 221.794]","(578.224, 1013.903]"
17.23623163049436,76.76264066685027,431.78,357.33070299979323,6909,1.9133014908090895,4.763134800296482,67.65,0.03,10.967999999999984,24.004000000000016,0.01490809089593284,0.0002894774931249095,0.0,0.0,431.78000000000003,5.881456311401019,12.54584683567171,0.0002894774931249095,"(295.167, 369.067]","(359.084, 440.154]"
17.27214829514322,77.7515437811142,559.95,321.22140002245965,6909,2.2351136199160515,5.914803294066487,111.42,0.01,12.77,28.69360000000002,0.02344767694311767,0.001157909972499638,0.00014473874656245476,0.0,559.95,5.775238886980655,12.837641409673084,0.0014473874656245477,"(295.167, 369.067]","(440.154, 578.224]"
17.28073582280275,73.44401877698307,518.17,20.733559498454014,6909,5.5468041684759015,13.255548717651333,193.03,0.01,30.99999999999997,64.0652,0.08944854537559704,0.021131856998118398,0.002026342451874367,0.0004342162396873643,518.17,3.078857586580935,11.549927941241036,0.026487190620929225,"(0.882, 43.692]","(440.154, 578.224]"
17.393900931953482,78.46147594459498,494.59,269.72598540957654,6909,2.160755536257056,6.144861217063317,125.89,0.02,12.055999999999996,28.96800000000001,0.023592415689680128,0.002026342451874367,0.0002894774931249095,0.0,494.59000000000003,5.601107185399135,13.406415537300408,0.0026052974381241857,"(221.794, 295.167]","(440.154, 578.224]"
17.42988754199455,79.0887831940133,287.65,227.67419482856917,6909,2.1516644955854685,5.6622901397115,104.52,0.02,11.853999999999978,25.644800000000014,0.01939499203936894,0.0015921262121870025,0.00014473874656245476,0.0,287.65,5.432298260506686,11.918581235147826,0.001881603705311912,"(221.794, 295.167]","(282.49, 359.084]"
17.535291963955075,78.52463573236949,494.59,276.01428437847045,6909,2.160755536257056,6.144861217063317,125.89,0.02,12.055999999999996,28.96800000000001,0.023592415689680128,0.002026342451874367,0.0002894774931249095,0.0,494.59000000000003,5.62406907301107,13.406415537300408,0.0026052974381241857,"(221.794, 295.167]","(440.154, 578.224]"
17.637674356723267,74.29534724741403,695.01,116.27550453077049,6909,2.5295874945722967,5.7944236856587255,80.34,0.01,13.647999999999984,26.75920000000002,0.02344767694311767,0.0010131712259371835,0.0,0.0,695.01,4.764525906322262,10.578479486848105,0.0010131712259371835,"(43.692, 129.905]","(578.224, 1013.903]"
17.713313577752487,80.57007906167644,160.6,168.69394936212612,6909,2.893282674772036,6.887176157047366,117.83,0.08,14.795999999999994,32.879200000000004,0.0288030105659285,0.003184252424374005,0.0002894774931249095,0.0,160.6,5.13399651669661,11.363973842831218,0.003763207410623824,"(129.905, 221.794]","(109.578, 172.721]"
17.724866186558096,80.05507380700739,201.88,200.3166995450042,6909,2.4274728614850196,5.948721842300134,104.46,0.04,12.945999999999994,28.8884,0.02214502822405558,0.001881603705311912,0.00014473874656245476,0.0,201.88,5.304879287699685,11.900601880148514,0.0021710811984368217,"(129.905, 221.794]","(172.721, 222.892]"
17.72545835291541,79.27860783514261,287.65,244.08408991487738,6909,2.1516644955854685,5.6622901397115,104.52,0.02,11.853999999999978,25.644800000000014,0.01939499203936894,0.0015921262121870025,0.00014473874656245476,0.0,287.65,5.501601375799152,11.918581235147826,0.001881603705311912,"(221.794, 295.167]","(282.49, 359.084]"
17.851259634590456,75.27439967879027,548.64,221.80046027083392,6909,1.5414589665653495,3.74756982622532,37.75,0.01,8.865999999999968,18.501600000000018,0.008250108554059922,0.0,0.0,0.0,548.64,5.406276573898544,12.002647101646705,0.0,"(221.794, 295.167]","(440.154, 578.224]"
17.856292739415043,77.83249435001783,507.96,353.51040956460685,6909,2.283122014763352,6.321559739401048,125.4,0.01,13.051999999999989,29.66880000000001,0.023158199449992763,0.0015921262121870025,0.0002894774931249095,0.0,507.96,5.870737709616121,12.99483199466377,0.0021710811984368217,"(295.167, 369.067]","(440.154, 578.224]"
17.89446104151468,82.56358991129119,676.06,61.699012422504005,6909,3.8243190041974238,8.880075694661803,126.27,0.09,19.135999999999996,43.60040000000004,0.04689535388623534,0.005644811115935736,0.0007236937328122738,0.0,676.0600000000001,4.138345696677573,11.400824186298728,0.0070921985815602835,"(43.692, 129.905]","(578.224, 1013.903]"
17.93968716796061,78.20981706687023,507.96,331.3383537868912,6909,2.283122014763352,6.321559739401048,125.4,0.01,13.051999999999989,29.66880000000001,0.023158199449992763,0.0015921262121870025,0.0002894774931249095,0.0,507.96,5.80615358786034,12.99483199466377,0.0021710811984368217,"(295.167, 369.067]","(440.154, 578.224]"
17.94952715832114,79.81442753003374,222.66,235.7799455948229,6909,2.596287451150673,6.581815487971939,131.11,0.04,14.151999999999989,31.111600000000017,0.02851353307280359,0.002315819944999276,0.0002894774931249095,0.0,222.66,5.4671312102124645,11.98310610911179,0.0028947749312490953,"(221.794, 295.167]","(172.721, 222.892]"
18.00514634933584,78.90550004293924,473.22,291.0970795405833,6909,2.280516717325228,6.245241345977114,120.21,0.01,13.15399999999995,29.62000000000002,0.02344767694311767,0.0015921262121870025,0.0002894774931249095,0.0,473.21999999999997,5.677086211194393,12.988278834658956,0.0021710811984368217,"(221.794, 295.167]","(440.154, 578.224]"
18.02098436136513,77.24968330891541,548.16,412.6197464416725,6909,2.3220755536257056,6.069313586016821,114.3,0.01,13.365999999999994,28.764400000000006,0.024460848169054857,0.0013026487190620929,0.00014473874656245476,0.0,548.16,6.024947064901936,12.387360767709007,0.0015921262121870025,"(369.067, 465.677]","(440.154, 578.224]"
18.03112800541088,79.46334418790063,305.76,264.58139144173526,6909,2.277847734838616,6.067370647996573,109.84,0.02,12.69,27.552800000000005,0.022868721956867854,0.001881603705311912,0.0002894774931249095,0.0,305.76,5.581921352804934,12.09597440716453,0.0024605586915617313,"(221.794, 295.167]","(282.49, 359.084]"
18.170065662711465,76.11738544561368,578.35,315.6075522966038,6909,1.9386828774062816,5.31730994337366,76.56,0.02,11.601999999999988,26.610400000000027,0.018960775799681574,0.001157909972499638,0.0,0.0,578.35,5.757663001542071,13.726012946268186,0.001157909972499638,"(295.167, 369.067]","(578.224, 1013.903]"
18.26472406424277,81.29163233445504,332.14,171.24888959194652,6909,4.013719785786655,9.301327832633966,174.02,0.11,21.325999999999993,41.972,0.05543493993342018,0.005934288609060646,0.000578954986249819,0.0002894774931249095,332.14,5.148940463382113,10.457129989866457,0.007960631060935012,"(129.905, 221.794]","(282.49, 359.084]"
18.27807280673149,81.95495125377498,387.93,129.86289533208156,6909,4.149971052250688,9.46546399732965,157.84,0.11,21.573999999999977,44.37200000000002,0.05847445361123173,0.005789549862498191,0.0010131712259371835,0.00014473874656245476,387.93,4.874150174613928,10.692120197757811,0.008250108554059922,"(43.692, 129.905]","(359.084, 440.154]"
18.28907302339911,80.32352915698551,222.12,237.25070416056516,6909,3.471560283687943,8.110213855807647,163.81,0.08,18.465999999999994,38.138400000000004,0.04342162396873643,0.004486901143436098,0.0004342162396873643,0.00014473874656245476,222.12,5.473323498083208,10.985950378927042,0.005789549862498191,"(221.794, 295.167]","(172.721, 222.892]"
18.313733468120287,78.05250191061499,427.72,373.01609761640105,6909,2.3287653784918225,6.287358243185504,124.8,0.01,13.565999999999995,28.466,0.023881893182805036,0.0021710811984368217,0.0002894774931249095,0.0,427.71999999999997,5.924298838243345,12.22363920353205,0.002750036184686641,"(369.067, 465.677]","(359.084, 440.154]"
18.356053577774148,76.75706318526872,550.56,386.0145046024834,6909,2.1489607757996816,5.212029704349631,65.24,0.01,12.295999999999994,25.780400000000007,0.01910551454624403,0.0007236937328122738,0.0,0.0,550.56,5.95846217192042,11.99667685592336,0.0007236937328122738,"(369.067, 465.677]","(440.154, 578.224]"
18.403535551517965,79.22146323792794,251.41,312.8858459223495,6909,2.4610623823997684,6.858402606003698,129.21,0.02,13.521999999999988,32.724800000000016,0.028079316833116225,0.0021710811984368217,0.0004342162396873643,0.0,251.41,5.749029371790657,13.297016336121443,0.0030395136778115506,"(295.167, 369.067]","(222.892, 282.49]"
18.42864467218983,78.76239929359055,385.66,338.82692911274086,6909,2.3478390505138225,6.222647552666884,123.43,0.01,13.54,28.058800000000012,0.023592415689680128,0.0021710811984368217,0.00014473874656245476,0.0,385.65999999999997,5.828436455988075,11.950899293101065,0.0024605586915617313,"(295.167, 369.067]","(359.084, 440.154]"
18.49063507079719,73.14160487505823,121.35,13.55192986796537,6909,6.720953828339846,17.374778564631765,261.43,0.03,37.857999999999954,88.95200000000011,0.10276451005934288,0.03343465045592705,0.006947459834997829,0.0015921262121870025,121.34999999999998,2.6777236217955607,13.235024229730211,0.052105948762483714,"(0.882, 43.692]","(109.578, 172.721]"
18.5024089843154,83.32238776860507,555.38,59.20481781242844,6909,3.890920538428137,9.36079135935578,135.69,0.11,19.681999999999963,46.2592,0.049066435084672164,0.008105369807497468,0.0008684324793747286,0.0,555.38,4.097752379219322,11.889008694502714,0.009842234766246925,"(43.692, 129.905]","(440.154, 578.224]"
18.50898411519845,79.96083914295357,188.92,277.1635746442187,6909,2.8958156028368793,7.747842985114359,155.25,0.04,15.895999999999995,37.23960000000001,0.0364741641337386,0.0036184686640613694,0.000578954986249819,0.00014473874656245476,188.92000000000002,5.6282093386531935,12.859792282259287,0.005210594876248371,"(221.794, 295.167]","(172.721, 222.892]"
18.61292240567285,83.97262531730851,121.07,30.1334312259575,6909,3.514815458098133,9.248047102019624,159.84,0.17,17.62199999999996,46.820800000000055,0.0425531914893617,0.007815892314372557,0.000578954986249819,0.00014473874656245476,121.07000000000001,3.4382822008644474,13.320980073404684,0.00940801852655956,"(0.882, 43.692]","(109.578, 172.721]"
18.62154717013418,79.49430827028043,251.41,314.95143435291294,6909,2.4610623823997684,6.858402606003698,129.21,0.02,13.521999999999988,32.724800000000016,0.028079316833116225,0.0021710811984368217,0.0004342162396873643,0.0,251.41,5.755588513018981,13.297016336121443,0.0030395136778115506,"(295.167, 369.067]","(222.892, 282.49]"
18.6425570186562,73.91823339832109,635.99,96.977634873406,6909,4.674444926906933,12.119286398456051,171.61,0.0,26.877999999999957,63.75560000000003,0.07150094080185265,0.01693443334780721,0.0017368649587494573,0.00014473874656245476,635.99,4.584739237047945,13.639177989633291,0.02084237950499349,"(43.692, 129.905]","(578.224, 1013.903]"
18.7257755325906,82.59636882536238,789.29,126.66204503831942,6909,4.287063250832248,9.908391217499217,158.17,0.09,22.443999999999953,46.068400000000004,0.06093501230279346,0.007671153567810103,0.001157909972499638,0.00014473874656245476,789.29,4.849386499113039,10.745908459631027,0.010421189752496743,"(43.692, 129.905]","(578.224, 1013.903]"
18.72810046432112,78.1891962604917,427.72,399.85959652641714,6909,2.3287653784918225,6.287358243185504,124.8,0.01,13.565999999999995,28.466,0.023881893182805036,0.0021710811984368217,0.0002894774931249095,0.0,427.71999999999997,5.993611232644995,12.22363920353205,0.002750036184686641,"(369.067, 465.677]","(359.084, 440.154]"
18.7700415955052,80.73930831879586,303.53,251.9315243235141,6909,3.755115067303517,8.936453808071697,169.26,0.07,20.045999999999996,40.51320000000002,0.05080330004342162,0.005934288609060646,0.0004342162396873643,0.00014473874656245476,303.53,5.533118797246116,10.788801004782746,0.007236937328122739,"(221.794, 295.167]","(282.49, 359.084]"
18.815442315557995,78.91979346444688,345.97,368.05666764539643,6909,2.452239108409321,6.489740768577741,147.47,0.01,13.969999999999972,28.729200000000002,0.026052974381241857,0.0028947749312490953,0.00014473874656245476,0.0,345.96999999999997,5.910950203104464,11.715492256031807,0.003184252424374005,"(295.167, 369.067]","(282.49, 359.084]"
18.861684690325152,81.39311938278675,487.24,215.92327464643802,6909,4.132046605876393,10.228839118849706,208.39,0.09,22.015999999999966,47.40600000000002,0.058619192357794184,0.008250108554059922,0.001157909972499638,0.0002894774931249095,487.24,5.379543717960879,11.472762301330109,0.011434360978433927,"(129.905, 221.794]","(440.154, 578.224]"
18.954603909512088,72.8630132679442,97.15,2.7422361305210314,6909,6.824329135909683,18.195666162931442,229.46,0.0,39.06199999999996,92.47720000000011,0.10189607757996816,0.036618902880301056,0.007671153567810103,0.002026342451874367,97.15000000000002,1.3196833286191616,13.551102915344657,0.05804023737154436,"(0.882, 43.692]","(61.12, 109.578]"
18.98054054012704,79.52168276381998,241.76,346.0061223754204,6909,2.720345925604284,7.687845603053714,141.04,0.02,15.25399999999995,36.48,0.035750470400926326,0.004052684903748734,0.000578954986249819,0.0,241.76,5.84934242352441,13.410054304708403,0.005210594876248371,"(295.167, 369.067]","(222.892, 282.49]"
18.99405289219041,75.91000261505428,570.6,300.3056696488451,6909,1.8861557388913013,5.1813155965454705,113.34,0.0,10.483999999999979,24.966400000000014,0.018092343320306847,0.0010131712259371835,0.00014473874656245476,0.0,570.6,5.7081252632471156,13.236651803749604,0.0013026487190620929,"(295.167, 369.067]","(440.154, 578.224]"
19.099718368183265,78.36861289524343,387.33,423.8761649764734,6909,2.4031524099001302,6.408333598587581,145.43,0.0,13.765999999999995,28.8576,0.026052974381241857,0.002026342451874367,0.00014473874656245476,0.0,387.33,6.051797749940084,12.008222147249125,0.0023158199449992765,"(369.067, 465.677]","(359.084, 440.154]"
19.1005253954872,77.48347139922915,404.75,465.8982456602119,6909,2.359819076566797,6.034015315933911,134.37,0.01,13.37199999999999,27.668400000000002,0.022579244463742945,0.002026342451874367,0.00014473874656245476,0.0,404.75,6.146111344548997,11.724792188501759,0.0023158199449992765,"(465.677, 607.151]","(359.084, 440.154]"
19.12095568095725,72.89521450926564,97.15,4.292516899902991,6909,6.824329135909683,18.195666162931442,229.46,0.0,39.06199999999996,92.47720000000011,0.10189607757996816,0.036618902880301056,0.007671153567810103,0.002026342451874367,97.15000000000002,1.666293917201377,13.551102915344657,0.05804023737154436,"(0.882, 43.692]","(61.12, 109.578]"
19.12573187252453,81.83027017934045,519.47,216.00135830625382,6909,4.269228542480822,10.49394435068819,186.18,0.09,22.55199999999999,49.9684,0.060356057316543636,0.00998697351280938,0.0014473874656245477,0.0002894774931249095,519.47,5.379903612996693,11.704313273107278,0.013750180923433204,"(129.905, 221.794]","(440.154, 578.224]"
19.15982312316163,74.85601813524598,598.98,189.88186651673,6909,1.7598624981907656,4.7410024094250796,97.31,0.0,9.83,24.07840000000002,0.01490809089593284,0.0004342162396873643,0.0,0.0,598.98,5.251654736784246,13.681970235051702,0.0004342162396873643,"(129.905, 221.794]","(578.224, 1013.903]"
19.201726552923823,84.19313657243282,231.82,55.832438607056915,6909,3.7695932841221595,8.979773006162329,131.94,0.29,17.983999999999977,46.351200000000006,0.04472427268779852,0.008684324793747287,0.000578954986249819,0.0,231.82,4.040107264947204,12.296071276220642,0.009842234766246925,"(43.692, 129.905]","(222.892, 282.49]"
19.29505076175048,76.59994337656201,440.1,373.1888463230148,6909,2.326070343030829,6.281344364939052,137.45,0.01,12.985999999999995,28.793600000000005,0.025329280648429583,0.002026342451874367,0.0002894774931249095,0.0,440.1000000000001,5.92476060666945,12.37864009901023,0.0026052974381241857,"(369.067, 465.677]","(359.084, 440.154]"
19.318372389788745,79.40887354596539,259.48,383.92152480706466,6909,3.016226660877117,8.08889259776464,139.69,0.01,17.71,37.12280000000001,0.04125054277029961,0.004631639889998552,0.0004342162396873643,0.0,259.48,5.953039481841324,12.307691651234551,0.005500072369373281,"(369.067, 465.677]","(222.892, 282.49]"
19.35732535070805,73.37045536741856,125.68,37.04159649468814,6909,6.785612968591693,18.20085671915199,232.31,0.0,39.79399999999995,92.21360000000001,0.10290924880590534,0.036184686640613695,0.007526414821247648,0.0015921262121870025,125.67999999999999,3.6386802056369048,13.589573534071569,0.05601389491967,"(0.882, 43.692]","(109.578, 172.721]"
19.44446432300494,83.57999302691027,463.65,123.50541806631163,6909,3.7792618323925318,8.420922027841064,105.72,0.15,18.753999999999976,41.5452,0.045013750180923434,0.005644811115935736,0.0002894774931249095,0.0,463.6499999999999,4.824349233562768,10.992937470215335,0.0062237661021855555,"(43.692, 129.905]","(440.154, 578.224]"
19.54027020261389,77.17466571014272,440.1,434.6126653330334,6909,2.326070343030829,6.281344364939052,137.45,0.01,12.985999999999995,28.793600000000005,0.025329280648429583,0.002026342451874367,0.0002894774931249095,0.0,440.1000000000001,6.07675346623996,12.37864009901023,0.0026052974381241857,"(369.067, 465.677]","(359.084, 440.154]"
19.552283755037305,78.60894131697192,334.55,453.46217125658234,6909,2.632576349688812,6.858671599231535,145.8,0.01,14.891999999999989,32.39800000000003,0.03097409176436532,0.003184252424374005,0.00014473874656245476,0.0,334.55,6.11911467859492,12.306570974573525,0.0034737299174989146,"(369.067, 465.677]","(282.49, 359.084]"
19.590582671240668,81.11285269962589,547.58,299.99144469674434,6909,4.081068171949631,10.063588202796929,175.85,0.07,21.65399999999998,46.344000000000015,0.056013894919669995,0.00853958604718483,0.0013026487190620929,0.0002894774931249095,547.58,5.707081841410532,11.35584770739387,0.012013315964683744,"(295.167, 369.067]","(440.154, 578.224]"
19.60937347689398,82.29697429200334,513.37,221.73301028953185,6909,4.159319727891157,10.276746036139203,158.04,0.07,22.265999999999995,49.016000000000005,0.05847445361123173,0.009263279779997104,0.001157909972499638,0.00014473874656245476,513.37,5.405973790892219,11.784616577248638,0.012013315964683746,"(129.905, 221.794]","(440.154, 578.224]"
19.615675969275014,84.70484514515978,60.99,42.78259912813497,6909,4.106655087566942,9.810238190996243,121.74,0.27,20.471999999999962,49.04800000000003,0.052395426255608626,0.009552757273122015,0.0010131712259371835,0.0,60.99,3.7792364582661557,11.943537261007737,0.011579099724996381,"(0.882, 43.692]","(0.009000000000000001, 61.12]"
19.70973500405453,81.74082048614422,600.62,267.4552653644222,6909,4.147705890866985,10.281227008400235,162.61,0.07,22.197999999999958,49.12120000000001,0.057606021131857,0.009842234766246924,0.001157909972499638,0.00014473874656245476,600.62,5.592684290624532,11.84297764824272,0.012592270950933564,"(221.794, 295.167]","(578.224, 1013.903]"
19.75343876750197,80.16759619678895,238.17,372.42804041410125,6909,3.7480199739470255,9.304092053466642,132.39,0.02,20.345999999999997,44.90600000000002,0.05225068750904617,0.007960631060935012,0.0007236937328122738,0.0,238.17000000000002,5.922725323130409,11.981256324910502,0.009408018526559559,"(369.067, 465.677]","(222.892, 282.49]"
19.760062300579527,73.07254022809545,169.69,32.32779160919566,6909,6.36574612823853,17.594108831043027,227.04,0.0,37.36199999999999,91.67320000000001,0.10001447387465624,0.032710956723114776,0.007815892314372557,0.0014473874656245477,169.69,3.5063916317745014,14.401011877040576,0.05268490374873353,"(0.882, 43.692]","(109.578, 172.721]"
19.82911494746017,83.06832780330721,353.47,190.0715745756806,6909,3.67214358083659,8.17884012848771,119.14,0.14,18.245999999999995,41.852000000000004,0.04342162396873643,0.004921117383123462,0.00014473874656245476,0.0,353.46999999999997,5.2526480938489595,11.397154735793452,0.005210594876248371,"(129.905, 221.794]","(282.49, 359.084]"
19.84089509571925,85.70663396742694,37.91,9.03923085367423,6909,4.376151396728905,11.082430178063653,193.95,0.15,23.013999999999978,56.42920000000002,0.05948762483716891,0.011868577218121292,0.0014473874656245477,0.00014473874656245476,37.91,2.3065005031292474,12.894706327453274,0.015197568389057753,"(0.882, 43.692]","(0.009000000000000001, 61.12]"
19.918434896838274,75.87094810024529,560.87,305.779861674027,6909,2.1419568678535246,6.583700921682648,128.75,0.0,11.891999999999989,31.70200000000001,0.0243161094224924,0.003763207410623824,0.00014473874656245476,0.0,560.87,5.726130427423541,14.800477859897809,0.004052684903748734,"(295.167, 369.067]","(440.154, 578.224]"
20.03355589235158,75.15132132671505,540.63,237.99201153839422,6909,2.0006686930091186,6.051069305344095,123.81,0.0,11.12,30.42480000000005,0.02156607323780576,0.00303951367781155,0.00014473874656245476,0.0,540.63,5.476430126847352,15.207307886110604,0.0033289911709364598,"(221.794, 295.167]","(440.154, 578.224]"
20.051307380521248,85.50363948044615,37.91,16.896473579810802,6909,4.376151396728905,11.082430178063653,193.95,0.15,23.013999999999978,56.42920000000002,0.05948762483716891,0.011868577218121292,0.0014473874656245477,0.00014473874656245476,37.91,2.884603686723857,12.894706327453274,0.015197568389057753,"(0.882, 43.692]","(0.009000000000000001, 61.12]"
20.06825043131635,78.34182999115441,324.2,515.7104364997609,6909,2.718607613258069,7.246626004488891,117.81,0.0,14.887999999999955,34.80760000000001,0.031408308004052685,0.0039079461571862786,0.00014473874656245476,0.0,324.2,6.24748263346299,12.803461237579706,0.004197423650311188,"(465.677, 607.151]","(282.49, 359.084]"
20.095077938066392,79.50768520659962,227.59,447.26281000403867,6909,3.28997684180055,8.696486440145389,127.68,0.01,18.457999999999984,40.732400000000055,0.04515848892748589,0.005644811115935736,0.0004342162396873643,0.0,227.59,6.10537968988848,12.380752077560466,0.006513243595310465,"(369.067, 465.677]","(222.892, 282.49]"
20.12573097956624,84.07256023902019,446.61,126.08382795133446,6909,4.040202634245187,9.28105595347372,103.93,0.16,21.585999999999995,45.25960000000001,0.055145462440295265,0.008105369807497468,0.00014473874656245476,0.0,446.61,4.844846931322012,11.202306640282913,0.008394847300622376,"(43.692, 129.905]","(440.154, 578.224]"
20.133041098379586,80.98621906814063,523.38,356.43369608377355,6909,3.985867708785642,9.62578834048909,131.25,0.06,21.253999999999976,46.48600000000002,0.05615863366623245,0.008250108554059922,0.001157909972499638,0.0,523.38,5.878949879433276,11.662702260497364,0.010565928499059199,"(295.167, 369.067]","(440.154, 578.224]"
20.18717791617312,86.34512939318934,6.52,15.068673744688633,6909,4.4902923722680566,10.800936810694838,216.25,0.3,22.59799999999998,53.811600000000034,0.059921841076856275,0.011579099724996381,0.0010131712259371835,0.0002894774931249095,6.5200000000000005,2.776871646454945,11.983983125098057,0.014473874656245476,"(0.882, 43.692]","(0.009000000000000001, 61.12]"
20.20238320341919,73.00591612718536,169.69,26.168663079322766,6909,6.36574612823853,17.594108831043027,227.04,0.0,37.36199999999999,91.67320000000001,0.10001447387465624,0.032710956723114776,0.007815892314372557,0.0014473874656245477,169.69,3.3020642164610603,14.401011877040576,0.05268490374873353,"(0.882, 43.692]","(109.578, 172.721]"
20.22654011964357,74.09903918911587,581.1,130.94544389067153,6909,2.317155883630048,6.334114702454915,92.01,0.0,12.899999999999945,32.41200000000002,0.02518454190186713,0.0028947749312490953,0.0,0.0,581.1,4.882388533294241,13.987831479594735,0.0028947749312490953,"(129.905, 221.794]","(578.224, 1013.903]"
20.24046868884004,85.05215689282532,132.23,55.13994012995662,6909,4.147901288174844,10.230033522277385,122.27,0.13,21.815999999999995,50.92600000000002,0.055145462440295265,0.010276451005934288,0.0008684324793747286,0.0,132.23,4.027847504491355,12.277531258434834,0.012013315964683746,"(43.692, 129.905]","(109.578, 172.721]"
20.28655584358096,77.23984998551582,377.84,450.6146660133985,6909,2.5492010421189755,7.29785366942465,134.92,0.0,14.507999999999983,35.97600000000002,0.03097409176436532,0.003763207410623824,0.000578954986249819,0.0,377.84000000000003,6.1128293074200135,14.112651490776171,0.004921117383123463,"(369.067, 465.677]","(359.084, 440.154]"
20.365884547075023,85.5333995870642,72.95,51.847703727438486,6909,4.3189361702127655,10.397397526097537,147.83,0.15,22.225999999999967,50.655600000000014,0.05963236358373136,0.010421189752496743,0.0013026487190620929,0.0,72.95,3.967414262506442,11.728718896252095,0.013026487190620929,"(43.692, 129.905]","(61.12, 109.578]"
20.41636718742699,72.84660434402362,123.16,2.3731753439751273,6909,5.545585468229845,16.637866758442392,227.45,0.0,33.72,82.96040000000006,0.08394847300622377,0.026487190620929222,0.006802721088435374,0.0017368649587494573,123.16,1.2158545393044446,14.959716249178074,0.04530322767404834,"(0.882, 43.692]","(109.578, 172.721]"
20.43145862253231,73.14380227562836,123.16,29.000486331277084,6909,5.545585468229845,16.637866758442392,227.45,0.0,33.72,82.96040000000006,0.08394847300622377,0.026487190620929222,0.006802721088435374,0.0017368649587494573,123.16,3.401213592573327,14.959716249178074,0.04530322767404834,"(0.882, 43.692]","(109.578, 172.721]"
20.43245294753869,82.25060646843471,412.4,296.72101253470476,6909,3.7354146765089014,9.640406626050494,178.09,0.05,20.385999999999996,46.704000000000015,0.0515269937762339,0.00911854103343465,0.0007236937328122738,0.00014473874656245476,412.3999999999999,5.696156848448928,12.503026180917383,0.011000144738746562,"(295.167, 369.067]","(359.084, 440.154]"
20.53621259215672,81.71598106253421,423.71,340.1264355333181,6909,3.79384715588363,10.017065008921728,169.56,0.04,20.663999999999977,50.7856000000001,0.05282964249529599,0.010131712259371834,0.0013026487190620929,0.00014473874656245476,423.71,5.832253187252167,13.386302749423445,0.013171225937183385,"(295.167, 369.067]","(359.084, 440.154]"
20.54174713991965,82.52819231506984,412.4,278.0306398330969,6909,3.7354146765089014,9.640406626050494,178.09,0.05,20.385999999999996,46.704000000000015,0.0515269937762339,0.00911854103343465,0.0007236937328122738,0.00014473874656245476,412.3999999999999,5.631321595981881,12.503026180917383,0.011000144738746562,"(221.794, 295.167]","(359.084, 440.154]"
20.54742701317189,86.5342056074261,17.76,22.824648361626952,6909,4.464821247647995,10.305500000963894,159.84,0.2,22.943999999999978,52.858800000000045,0.06107975104935591,0.011289622231871473,0.0008684324793747286,0.00014473874656245476,17.76,3.1707206902131713,11.838948354068364,0.013460703430308295,"(0.882, 43.692]","(0.009000000000000001, 61.12]"
20.56347687122566,76.40782991787943,465.9,361.09976520569535,6909,2.321218700246056,6.811899780866719,125.14,0.0,14.29,30.261200000000006,0.030105659284990594,0.0028947749312490953,0.0002894774931249095,0.0,465.8999999999999,5.8919197683474565,13.036766832881968,0.0034737299174989146,"(295.167, 369.067]","(440.154, 578.224]"
20.603827014833684,83.1657119448409,253.92,230.32027515122374,6909,3.6676624692430164,8.35079600473464,117.13,0.11,18.853999999999978,39.99280000000001,0.04530322767404834,0.005644811115935736,0.000578954986249819,0.0,253.92000000000002,5.44380322277238,10.904162918811709,0.006802721088435375,"(221.794, 295.167]","(222.892, 282.49]"
20.63651242581451,84.00104891740453,317.64,161.70730675680264,6909,3.91405557967868,8.491577522412749,125.08,0.14,20.225999999999996,41.240800000000014,0.051092777536546535,0.005789549862498191,0.00014473874656245476,0.0,317.64,5.091952922600755,10.536587594087775,0.0060790273556231,"(129.905, 221.794]","(282.49, 359.084]"
20.72170255680168,70.93469279892494,2.69,1.5843246468462255,6909,2.2407005355333625,8.405376059453898,173.25,0.0,11.983999999999979,40.59720000000003,0.030395136778115502,0.00636850484874801,0.0008684324793747286,0.00014473874656245476,2.69,0.9494642153530385,18.118075681300645,0.008539586047184832,"(0.882, 43.692]","(0.009000000000000001, 61.12]"
20.73577116892279,81.14725693808168,402.79,394.21564398340803,6909,3.8399594731509623,10.044792481251626,173.68,0.04,21.18199999999999,50.1192,0.054277029960920535,0.010276451005934288,0.001157909972499638,0.00014473874656245476,402.79,5.979431550068507,13.052009350209172,0.013026487190620929,"(369.067, 465.677]","(359.084, 440.154]"
20.753642305326352,77.19062277215646,384.58,435.49479574174876,6909,2.586410479085251,7.289147057130943,132.57,0.0,14.9,35.10960000000001,0.03155304675061514,0.004197423650311188,0.0004342162396873643,0.0,384.58,6.078776452509265,13.574638174903784,0.005065856129685917,"(369.067, 465.677]","(359.084, 440.154]"
20.7888511850484,73.70990508487174,320.87,79.44393974670842,6909,3.7883876103632943,11.697736040159853,159.91,0.0,22.289999999999974,60.245200000000075,0.05630337241279491,0.013894919669995658,0.0021710811984368217,0.0004342162396873643,320.87,4.387560541162932,15.902592420217088,0.019539730785931395,"(43.692, 129.905]","(282.49, 359.084]"
20.8266383817298,73.03454581598206,59.04,11.225343283074698,6909,4.627024171370676,15.181992614340487,216.71,0.0,27.82199999999999,74.7476,0.0694745983499783,0.02301346070343031,0.005644811115935736,0.0013026487190620929,59.04,2.5035111153817966,16.15456956285745,0.03821102909248806,"(0.882, 43.692]","(0.009000000000000001, 61.12]"
20.82793297990783,78.59387724530231,336.97,570.9862212978929,6909,2.8692878853669126,8.117079032350768,125.1,0.0,16.57799999999998,38.58360000000001,0.038355767839050516,0.005644811115935736,0.0004342162396873643,0.0,336.96999999999997,6.349114902449615,13.447094921941295,0.006513243595310465,"(465.677, 607.151]","(282.49, 359.084]"
20.83595740934562,85.6000661529309,173.39,95.91435852773208,6909,4.210535533362281,9.116009837258861,105.85,0.17,21.505999999999997,44.16280000000005,0.05832971486466927,0.0066579823418729195,0.0004342162396873643,0.0,173.39000000000001,4.5738276867400876,10.488639547495932,0.007526414821247648,"(43.692, 129.905]","(172.721, 222.892]"
20.843137036566446,75.52373552181193,322.27,267.92672038968635,6909,2.238415110725141,6.088204257947365,105.06,0.0,13.393999999999979,28.642800000000005,0.0243161094224924,0.002315819944999276,0.00014473874656245476,0.0,322.27,5.594438927581929,12.796012261867206,0.0026052974381241857,"(221.794, 295.167]","(282.49, 359.084]"
20.849096346880607,83.8453805148038,184.34,189.13695025500982,6909,3.8854609929078014,9.04759767672348,126.82,0.12,20.5,42.72400000000002,0.05254016500217108,0.007381676074685193,0.0004342162396873643,0.0,184.34,5.247744603331387,10.995861001339055,0.008250108554059922,"(129.905, 221.794]","(172.721, 222.892]"
20.87069334783215,86.11563510199532,82.63,78.4622324082534,6909,4.4140396584165575,9.635336926275627,110.19,0.25,21.867999999999984,46.652,0.05847445361123173,0.008250108554059922,0.0007236937328122738,0.0,82.63,4.3752818447344834,10.569000969903934,0.00969749601968447,"(43.692, 129.905]","(61.12, 109.578]"
20.974188085159703,80.69348970485088,349.59,444.67810395595626,6909,3.6717629179331306,9.694351882129231,171.96,0.03,19.995999999999967,46.674000000000014,0.05007960631060935,0.008250108554059922,0.001157909972499638,0.00014473874656245476,349.59000000000003,6.099596951431289,12.711601574393496,0.011000144738746564,"(369.067, 465.677]","(282.49, 359.084]"
20.98018041250804,86.59726275605271,11.46,28.000541417684982,6909,5.036375741786076,9.96972844952909,179.26,0.82,23.157999999999983,47.919200000000004,0.06296135475466783,0.00911854103343465,0.000578954986249819,0.00014473874656245476,11.459999999999999,3.3673144993875437,9.514617840722966,0.010710667245621653,"(0.882, 43.692]","(0.009000000000000001, 61.12]"
20.99093755575835,70.68503513474633,97.99,24.47828437090534,6909,2.31566652192792,9.468870989378914,218.79,0.0,12.46,44.98080000000004,0.03300043421623969,0.007815892314372557,0.0015921262121870025,0.00014473874656245476,97.99,3.2378264960549847,19.424550188686435,0.011434360978433927,"(0.882, 43.692]","(61.12, 109.578]"
21.10923149072435,84.95721411575256,206.61,143.49662289107917,6909,4.097908525112173,8.895011448769399,100.5,0.14,20.825999999999993,41.281200000000005,0.05398755246779563,0.006513243595310464,0.0002894774931249095,0.0,206.60999999999999,4.973256136283389,10.073721673703865,0.0070921985815602835,"(129.905, 221.794]","(172.721, 222.892]"
21.12468535992217,79.7941154827929,291.9,517.0833809165039,6909,3.724197423650311,9.980879182620411,163.83,0.02,20.45199999999999,45.59120000000001,0.05181647126935881,0.008105369807497468,0.001157909972499638,0.0004342162396873643,291.9,6.25013619632596,12.241882631837143,0.011723838471558836,"(465.677, 607.151]","(282.49, 359.084]"
21.13044337348015,74.4780307671651,414.72,155.73145631543696,6909,2.3943653205963233,6.4697831649295665,83.03,0.0,13.635999999999967,31.8092,0.028079316833116225,0.0026052974381241857,0.0,0.0,414.71999999999997,5.054533871496966,13.285018138777458,0.0026052974381241857,"(129.905, 221.794]","(359.084, 440.154]"
21.14353170330118,80.26776715963103,291.9,488.35348552965775,6909,3.724197423650311,9.980879182620411,163.83,0.02,20.45199999999999,45.59120000000001,0.05181647126935881,0.008105369807497468,0.001157909972499638,0.0004342162396873643,291.9,6.193085102620872,12.241882631837143,0.011723838471558836,"(465.677, 607.151]","(282.49, 359.084]"
21.148791403132385,79.0180982258881,336.97,567.7351366910341,6909,2.8692878853669126,8.117079032350768,125.1,0.0,16.57799999999998,38.58360000000001,0.038355767839050516,0.005644811115935736,0.0004342162396873643,0.0,336.96999999999997,6.34341483663319,13.447094921941295,0.006513243595310465,"(465.677, 607.151]","(282.49, 359.084]"
21.153374904914603,77.65151882754324,384.58,472.98619466469734,6909,2.586410479085251,7.289147057130943,132.57,0.0,14.9,35.10960000000001,0.03155304675061514,0.004197423650311188,0.0004342162396873643,0.0,384.58,6.161178196090967,13.574638174903784,0.005065856129685917,"(465.677, 607.151]","(359.084, 440.154]"
21.18934942859278,72.96056266353641,59.04,16.779720898670384,6909,4.627024171370676,15.181992614340487,216.71,0.0,27.82199999999999,74.7476,0.0694745983499783,0.02301346070343031,0.005644811115935736,0.0013026487190620929,59.04,2.8780585324749466,16.15456956285745,0.03821102909248806,"(0.882, 43.692]","(0.009000000000000001, 61.12]"
21.18938423833243,73.5551272349655,320.87,72.88322233892956,6909,3.7883876103632943,11.697736040159853,159.91,0.0,22.289999999999974,60.245200000000075,0.05630337241279491,0.013894919669995658,0.0021710811984368217,0.0004342162396873643,320.87,4.302485770228969,15.902592420217088,0.019539730785931395,"(43.692, 129.905]","(282.49, 359.084]"
21.192574776152263,82.48677140613415,338.64,326.3905975753697,6909,3.6639991315675204,10.074838719191389,171.86,0.03,19.889999999999972,49.62560000000001,0.04979012881748444,0.009842234766246924,0.001157909972499638,0.00014473874656245476,338.64,5.791153946062128,13.544104317149506,0.012592270950933564,"(295.167, 369.067]","(282.49, 359.084]"
21.19518743110357,81.40145469719437,323.07,415.73177469313265,6909,3.64188884064264,10.317970094400307,161.2,0.03,20.281999999999908,50.316400000000044,0.051961210015921265,0.010131712259371834,0.0014473874656245477,0.0002894774931249095,323.07,6.032442788684548,13.816013718614101,0.013894919669995657,"(369.067, 465.677]","(282.49, 359.084]"
21.224466786079454,83.56407958511717,184.34,238.60578490179748,6909,3.8854609929078014,9.04759767672348,126.82,0.12,20.5,42.72400000000002,0.05254016500217108,0.007381676074685193,0.0004342162396873643,0.0,184.34,5.478995009947318,10.995861001339055,0.008250108554059922,"(221.794, 295.167]","(172.721, 222.892]"
21.28212274980153,81.81512271812332,276.76,385.97757517801915,6909,3.483603994789405,9.495234246817164,150.23,0.02,18.947999999999983,44.103200000000015,0.04515848892748589,0.008394847300622376,0.0008684324793747286,0.00014473874656245476,276.76,5.958366746074453,12.66021838468118,0.010565928499059199,"(369.067, 465.677]","(222.892, 282.49]"
21.333189289323883,76.36886376496611,362.47,338.37953647998955,6909,2.6039151830945144,7.552732702727564,133.67,0.0,14.977999999999984,36.95560000000001,0.03242147922998987,0.005210594876248371,0.0004342162396873643,0.0,362.46999999999997,5.827119057759051,14.192315497683065,0.0060790273556231,"(295.167, 369.067]","(359.084, 440.154]"
21.335326698003904,70.41896598994533,113.2,39.67347098191569,6909,2.2487291938051817,9.038981423962184,167.65,0.0,13.111999999999988,43.19960000000001,0.034447821681864235,0.007815892314372557,0.0008684324793747286,0.0002894774931249095,113.2,3.705576061296281,19.21066392002321,0.010421189752496743,"(0.882, 43.692]","(109.578, 172.721]"
21.414248452929066,71.27917221876666,125.95,56.446262735625865,6909,2.197057461282385,8.049777925472176,187.05,0.0,13.45,40.74360000000003,0.031408308004052685,0.006513243595310464,0.000578954986249819,0.00014473874656245476,125.95,4.050849949709237,18.544613499368918,0.008105369807497468,"(43.692, 129.905]","(109.578, 172.721]"
21.44840092867677,84.71754834668972,303.28,187.68415558840383,6909,3.990929222752931,8.334099449931099,107.13,0.17,20.14599999999997,39.96560000000001,0.05051382255029672,0.004631639889998552,0.00014473874656245476,0.0,303.28,5.2400744827039665,10.014106428659096,0.004921117383123462,"(129.905, 221.794]","(282.49, 359.084]"
21.51391909975887,86.86898316354217,42.55,17.723606747244112,6909,4.67472716746273,9.976875959440507,156.35,0.55,22.415999999999997,47.41440000000002,0.058619192357794184,0.008829063540309741,0.001157909972499638,0.00014473874656245476,42.54999999999999,2.9297851206133414,10.142707404895974,0.011579099724996381,"(0.882, 43.692]","(0.009000000000000001, 61.12]"
21.51698951645112,74.53976510805057,317.25,148.03628928174402,6909,2.4848255898103924,6.817697687177094,85.69,0.0,14.241999999999962,34.2892,0.03068461427124041,0.0036184686640613694,0.0,0.0,317.25,5.004189828517901,13.799433787698028,0.0036184686640613694,"(129.905, 221.794]","(282.49, 359.084]"
21.548816874159268,84.15731458665458,254.31,226.520277160291,6909,3.9521609494861774,8.956523010354328,114.09,0.14,19.943999999999978,41.34120000000001,0.04964539007092199,0.006513243595310464,0.0002894774931249095,0.0,254.31,5.427239364794035,10.46040130146357,0.0070921985815602835,"(221.794, 295.167]","(222.892, 282.49]"
21.557458013386345,71.91022956446967,54.3,26.669313123964017,6909,2.3324924012158057,8.236294355685645,200.42,0.0,14.557999999999984,40.99280000000001,0.03560573165436387,0.005789549862498191,0.0002894774931249095,0.00014473874656245476,54.29999999999999,3.320323969636869,17.574669226773644,0.006802721088435374,"(0.882, 43.692]","(0.009000000000000001, 61.12]"
21.569815632536915,82.433817136577,290.81,354.11256564763477,6909,3.5620798957881026,9.298512813049097,133.85,0.02,19.251999999999963,44.518000000000015,0.046316398899985525,0.007526414821247648,0.0008684324793747286,0.0,290.81,5.872434825545535,12.497750978266456,0.009263279779997106,"(295.167, 369.067]","(282.49, 359.084]"
21.58964662434244,85.66946636694853,341.47,129.23749741317877,6909,4.138137212331741,8.273716243361815,103.89,0.22,20.093999999999976,37.2244,0.05036908380373426,0.004631639889998552,0.0002894774931249095,0.0,341.46999999999997,4.869359686875964,8.99544628284055,0.005210594876248371,"(43.692, 129.905]","(282.49, 359.084]"
21.60728813193948,69.85070202218529,40.24,15.977206767215506,6909,2.2035938630771454,9.043611366730541,178.29,0.0,12.731999999999989,43.94520000000001,0.03242147922998987,0.007815892314372557,0.0013026487190620929,0.00014473874656245476,40.24,2.8318716660095284,19.942504285308605,0.010855405992184108,"(0.882, 43.692]","(0.009000000000000001, 61.12]"
21.678156603543428,81.4356613350367,333.04,443.94449200221436,6909,3.4764712693588073,9.402161215360096,147.21,0.02,18.995999999999995,45.51040000000001,0.04573744391373571,0.008105369807497468,0.0008684324793747286,0.0,333.04,6.097949537312249,13.090971672957956,0.009842234766246925,"(369.067, 465.677]","(282.49, 359.084]"
21.74033987860521,73.62351457183192,210.87,50.82703810509509,6909,3.452634245187437,10.97976851821034,156.93,0.0,20.089999999999947,55.30560000000001,0.050224345057171806,0.012881748444058474,0.001881603705311912,0.00014473874656245476,210.87,3.947911984226719,16.018373234499485,0.017079172094369665,"(43.692, 129.905]","(172.721, 222.892]"
21.7573179206535,74.8915037030675,336.93,181.84524589786122,6909,2.2935142567665365,6.836284292585079,92.26,0.0,12.62199999999999,35.05760000000004,0.027210884353741496,0.004052684903748734,0.0,0.0,336.93,5.208640144245687,15.285531629480088,0.004052684903748734,"(129.905, 221.794]","(282.49, 359.084]"
21.802251861678567,83.97321633647891,295.48,260.4260399208073,6909,3.742257924446374,9.172870043946748,114.73,0.07,19.475999999999996,44.66440000000001,0.04790852511217253,0.007960631060935012,0.000578954986249819,0.0,295.48,5.566151413370237,11.935144227522315,0.00911854103343465,"(221.794, 295.167]","(282.49, 359.084]"
21.828046603990465,72.90256129502073,38.96,15.107356164234492,6909,3.0787494572297005,10.422202133272528,137.6,0.0,19.01199999999996,54.66,0.045882182660298164,0.011868577218121292,0.0014473874656245477,0.0,38.96,2.7792760722521277,17.753955950422746,0.014763352149370388,"(0.882, 43.692]","(0.009000000000000001, 61.12]"
21.856127798741085,80.31500491981754,547.18,544.904777615342,6909,3.5668446953249386,8.40736443047493,132.95,0.01,19.605999999999995,42.01400000000003,0.04877695759154726,0.004776378636561007,0.00014473874656245476,0.0,547.18,6.30244456056356,11.779034920144637,0.005065856129685917,"(465.677, 607.151]","(440.154, 578.224]"
21.882749299247465,77.87914551314223,614.71,490.7626843923776,6909,3.353408597481546,8.743460527827011,115.73,0.0,19.015999999999938,42.85440000000003,0.04573744391373571,0.0070921985815602835,0.0004342162396873643,0.0,614.71,6.197996251328726,12.779351509038513,0.007960631060935012,"(465.677, 607.151]","(578.224, 1013.903]"
21.918967180724906,86.39808669706602,409.66,83.92457252398316,6909,4.275845997973658,8.927086820112407,108.39,0.28,20.74,41.44560000000001,0.05340859748154581,0.006802721088435374,0.0004342162396873643,0.0,409.65999999999997,4.441763480462983,9.692956745094307,0.007671153567810103,"(43.692, 129.905]","(359.084, 440.154]"
21.95593320433755,75.75375489053029,320.25,271.692414336561,6909,2.411279490519612,7.471848336108224,100.77,0.0,12.975999999999996,36.41000000000004,0.02981618179186568,0.005789549862498191,0.00014473874656245476,0.0,320.25,5.608344472583682,15.099860900941461,0.0060790273556231,"(221.794, 295.167]","(282.49, 359.084]"
21.975539421172687,82.66293336714901,279.0,363.57609903870366,6909,3.519091040671588,8.255898390582969,112.07,0.02,19.047999999999874,40.670800000000014,0.045447966420610796,0.005789549862498191,0.00014473874656245476,0.0,279.0,5.898735306170148,11.557185640486502,0.0060790273556231,"(295.167, 369.067]","(222.892, 282.49]"
21.97575434242112,76.65896559137235,347.22,365.11685425816756,6909,3.103651758575771,8.620047808908659,121.06,0.0,17.65,42.08600000000002,0.042408452742799245,0.0066579823418729195,0.000578954986249819,0.0,347.21999999999997,5.902952556373711,13.56015098135939,0.007815892314372557,"(295.167, 369.067]","(282.49, 359.084]"
22.04551090792542,71.67881924903996,53.85,37.95906951398429,6909,2.1741916341004486,8.014759259201645,219.77,0.0,13.769999999999973,39.2568,0.031118830510927776,0.005789549862498191,0.0002894774931249095,0.00014473874656245476,53.85,3.662511595377842,18.055805812368654,0.006802721088435374,"(0.882, 43.692]","(0.009000000000000001, 61.12]"
22.05043979033272,83.90310585570852,295.48,287.107717173587,6909,3.742257924446374,9.172870043946748,114.73,0.07,19.475999999999996,44.66440000000001,0.04790852511217253,0.007960631060935012,0.000578954986249819,0.0,295.48,5.663334428172506,11.935144227522315,0.00911854103343465,"(221.794, 295.167]","(282.49, 359.084]"
22.06385479892551,71.02929941520516,144.12,102.46111622245398,6909,2.1095078882616876,8.20295021856103,224.09,0.0,12.631999999999989,40.456400000000045,0.028658271819366043,0.006513243595310464,0.0008684324793747286,0.00014473874656245476,144.12,4.639195853444813,19.178113078887094,0.008684324793747287,"(43.692, 129.905]","(109.578, 172.721]"
22.06390037963481,87.7454039569011,13.28,30.24899796382665,6909,4.487727601678969,9.330601122230197,151.82,0.39,20.613999999999976,43.1576,0.05268490374873354,0.007671153567810103,0.0002894774931249095,0.00014473874656245476,13.28,3.4419873105107652,9.616802581121702,0.008684324793747287,"(0.882, 43.692]","(0.009000000000000001, 61.12]"
22.067206018059576,83.31152105430681,280.97,324.8060517258553,6909,3.6833246490085396,8.2858258092812,120.15,0.04,19.43199999999999,39.83120000000001,0.04790852511217253,0.005355333622810827,0.00014473874656245476,0.0,280.97,5.786302270967363,10.81392301294934,0.005644811115935736,"(295.167, 369.067]","(222.892, 282.49]"
22.09088979389235,88.42288171170422,3.24,17.164306531710544,6909,4.675902446084817,10.008026391607013,199.82,0.39,21.415999999999997,46.92600000000002,0.05659284990591981,0.008829063540309741,0.0007236937328122738,0.0002894774931249095,3.2399999999999998,2.899458488875657,10.035707653307439,0.011144883485309016,"(0.882, 43.692]","(0.009000000000000001, 61.12]"
22.11469932379667,81.2467623198163,431.27,489.8467447495164,6909,3.4203010565928498,8.19322671887274,111.35,0.01,18.44199999999999,40.757600000000025,0.04443479519467362,0.004631639889998552,0.00014473874656245476,0.0,431.27,6.196131950252459,11.916374438753781,0.004921117383123462,"(465.677, 607.151]","(359.084, 440.154]"
22.135424852111992,78.81417788195611,637.76,588.1988306035313,6909,3.3207497467071936,8.55362503123178,111.16,0.0,18.34,40.43960000000001,0.044579533941236066,0.0066579823418729195,0.0002894774931249095,0.0,637.76,6.378763699867448,12.177848650670127,0.007236937328122739,"(465.677, 607.151]","(578.224, 1013.903]"
22.14396764426248,69.42679172986105,24.85,20.29888839450846,6909,1.7323085830076712,7.395633749970917,141.39,0.0,9.3,36.607600000000026,0.024026631929367492,0.005065856129685917,0.000578954986249819,0.0,24.850000000000005,3.0586548833022897,21.132250470173563,0.0062237661021855555,"(0.882, 43.692]","(0.009000000000000001, 61.12]"
22.219758800647448,73.77668771151485,194.63,83.81312928838685,6909,3.1029816181791867,9.855186592667756,139.94,0.0,18.83,50.075600000000016,0.04660587639311044,0.010131712259371834,0.001157909972499638,0.0,194.63,4.440450357327466,16.13789252528398,0.012447532204371111,"(43.692, 129.905]","(172.721, 222.892]"
22.23754054526559,77.11724075238841,347.22,414.71897831108583,6909,3.103651758575771,8.620047808908659,121.06,0.0,17.65,42.08600000000002,0.042408452742799245,0.0066579823418729195,0.000578954986249819,0.0,347.21999999999997,6.030009499080055,13.56015098135939,0.007815892314372557,"(369.067, 465.677]","(282.49, 359.084]"
22.244059230232487,81.65548984778322,307.48,462.92134509240736,6909,3.435466782457664,8.219892208083452,119.08,0.02,18.635999999999967,40.326,0.04400057895498625,0.004921117383123462,0.00014473874656245476,0.0,307.48,6.13971502296993,11.738139477224728,0.005210594876248371,"(369.067, 465.677]","(282.49, 359.084]"
22.26806626988251,93.01645341464965,961.11,114.83167280346646,6909,4.008044579533942,11.86192225596603,253.55,0.18,20.177999999999983,49.438800000000015,0.05080330004342162,0.00998697351280938,0.0021710811984368217,0.0015921262121870025,961.11,4.752138040724341,12.334889666037379,0.01910551454624403,"(43.692, 129.905]","(578.224, 1013.903]"
22.27530427670353,79.72050904755396,508.28,619.7105766488945,6909,3.6715906788247215,9.550283943204848,129.98,0.01,20.685999999999996,46.543600000000005,0.0547112462006079,0.007815892314372557,0.0010131712259371835,0.0,508.28000000000003,6.430864913146984,12.676681960151582,0.009842234766246924,"(607.151, 777.409]","(440.154, 578.224]"
22.285716237041896,74.35587334596028,296.88,139.14740344284505,6909,2.530015921262122,7.492710154355836,98.09,0.0,15.031999999999963,39.46440000000006,0.03415834418873932,0.004197423650311188,0.0,0.0,296.88,4.942694750452692,15.598472748677462,0.004197423650311188,"(129.905, 221.794]","(282.49, 359.084]"
22.318182031123893,73.30389795241109,46.84,39.86977234320855,6909,2.635304675061514,9.423274131152503,177.49,0.0,16.07599999999997,49.244400000000006,0.03965841655811261,0.009552757273122015,0.0008684324793747286,0.0002894774931249095,46.839999999999996,3.710390727294182,18.6864091198265,0.0121580547112462,"(0.882, 43.692]","(0.009000000000000001, 61.12]"
22.32058870223145,70.1106744057737,28.47,25.467353331093904,6909,1.6724316109422492,7.6819518869125725,193.41,0.0,8.789999999999973,34.2492,0.024460848169054857,0.005065856129685917,0.000578954986249819,0.0004342162396873643,28.47,3.275912023748197,20.478672668732518,0.007526414821247648,"(0.882, 43.692]","(0.009000000000000001, 61.12]"
22.33250833559408,86.99379003897175,99.55,89.18968694684231,6909,4.117898393399913,8.656429784795215,129.17,0.23,19.29,40.01080000000003,0.04646113764654798,0.005644811115935736,0.0004342162396873643,0.0,99.55,4.501915085130927,9.716313143572313,0.006513243595310465,"(43.692, 129.905]","(61.12, 109.578]"
22.352183168658016,87.40892914809424,28.01,51.649349673997214,6909,4.1641887393255175,8.659164707769957,159.77,0.27,19.00799999999998,40.607600000000026,0.04486901143436098,0.006947459834997829,0.0002894774931249095,0.00014473874656245476,28.009999999999998,3.9636538866328013,9.751620973586405,0.007960631060935013,"(43.692, 129.905]","(0.009000000000000001, 61.12]"
22.39441283703713,92.74315976179568,268.04,85.55266176186734,6909,6.8298610508033,18.421370117931005,331.5,0.34,33.74399999999992,80.52640000000002,0.09755391518309452,0.02677666811405413,0.005500072369373281,0.002460558691561731,268.04,4.460753035185918,11.790340624892831,0.04515848892748588,"(43.692, 129.905]","(222.892, 282.49]"
22.413847428476565,82.05162876087684,482.18,442.93532161289977,6909,3.4666478506296134,8.053348544549467,109.36,0.01,18.495999999999967,38.86040000000003,0.044579533941236066,0.004052684903748734,0.0002894774931249095,0.0,482.18,6.095678879778004,11.209788379039946,0.004631639889998553,"(369.067, 465.677]","(440.154, 578.224]"
22.42731435542822,85.53415745303396,355.91,187.7613673978338,6909,4.050670140396584,8.663272510444392,113.58,0.19,20.085999999999995,41.0,0.05036908380373426,0.004776378636561007,0.0004342162396873643,0.0,355.90999999999997,5.2404836109399895,10.121779472817401,0.005644811115935736,"(129.905, 221.794]","(282.49, 359.084]"
22.47154306824752,72.734185873897,17.02,23.2256702146128,6909,2.287980894485454,8.28064355190359,136.75,0.0,14.285999999999994,43.184400000000004,0.034447821681864235,0.005934288609060646,0.0008684324793747286,0.0,17.02,3.187412823632013,18.874450057530623,0.007671153567810103,"(0.882, 43.692]","(0.009000000000000001, 61.12]"
22.505956471744245,88.04232520166188,7.35,14.68782855708696,6909,4.28512085685338,9.196831835542374,171.86,0.28,20.003999999999976,42.403200000000034,0.05007960631060935,0.006223766102185555,0.0007236937328122738,0.00014473874656245476,7.349999999999999,2.752885160550736,9.895447881413865,0.008105369807497468,"(0.882, 43.692]","(0.009000000000000001, 61.12]"
22.51630833681772,82.63447622919341,393.01,408.0375717464815,6909,3.5167983789260386,8.269446405855346,109.61,0.01,18.80199999999999,39.41600000000004,0.045882182660298164,0.004631639889998552,0.0002894774931249095,0.0,393.01,6.013807014284539,11.207918266875067,0.005210594876248371,"(369.067, 465.677]","(359.084, 440.154]"
22.570493763832808,88.3704577956442,7.35,47.41760455112767,6909,4.28512085685338,9.196831835542374,171.86,0.28,20.003999999999976,42.403200000000034,0.05007960631060935,0.006223766102185555,0.0007236937328122738,0.00014473874656245476,7.349999999999999,3.8798634779839216,9.895447881413865,0.008105369807497468,"(43.692, 129.905]","(0.009000000000000001, 61.12]"
22.579765314263053,75.22628863666304,358.9,234.28025343716058,6909,2.408555507309307,7.71173367877566,122.9,0.0,14.29,38.36680000000002,0.031118830510927776,0.005789549862498191,0.0002894774931249095,0.0,358.8999999999999,5.460777371417723,15.929375077382376,0.00636850484874801,"(221.794, 295.167]","(282.49, 359.084]"
22.591322868808497,84.54390756108282,406.06,281.6920231316507,6909,3.7391199884209003,8.231496553011963,116.08,0.1,19.09799999999998,40.99360000000001,0.04776378636561007,0.004776378636561007,0.00014473874656245476,0.0,406.06,5.644358047575767,10.963432348658062,0.005065856129685917,"(221.794, 295.167]","(359.084, 440.154]"
22.60049587973697,77.9498708855056,456.55,505.3326583491321,6909,3.666026921406861,9.673801249139089,150.46,0.0,20.007999999999928,47.74560000000003,0.05007960631060935,0.008829063540309741,0.000578954986249819,0.00014473874656245476,456.55,6.227193880844086,13.023796060363162,0.010421189752496745,"(465.677, 607.151]","(440.154, 578.224]"
22.61247715855241,86.38052742038757,253.48,143.91796093724338,6909,4.1628455637574175,9.10161100625169,127.9,0.22,19.811999999999962,42.219200000000036,0.04877695759154726,0.006802721088435374,0.0008684324793747286,0.0,253.48,4.976167795663215,10.14190635022893,0.00853958604718483,"(129.905, 221.794]","(222.892, 282.49]"
22.6856053889539,80.58101829768793,602.74,581.6677705355085,6909,3.612451874366768,8.570037273136478,129.34,0.01,19.529999999999973,40.546,0.0486322188449848,0.005789549862498191,0.00014473874656245476,0.0,602.74,6.367617162057319,11.223952646609227,0.0060790273556231,"(465.677, 607.151]","(578.224, 1013.903]"
22.69052047242913,88.6614631768592,4.83,53.92692845357563,6909,4.663981762917933,10.13257187589437,163.19,0.34,21.91799999999998,45.601200000000006,0.05789549862498191,0.008250108554059922,0.0013026487190620929,0.0002894774931249095,4.83,4.00600372832478,9.777308861980114,0.011723838471558836,"(43.692, 129.905]","(0.009000000000000001, 61.12]"
22.696266516372948,73.5986203071034,146.69,84.4010870564051,6909,2.7450209871182514,8.851528135645607,139.91,0.0,16.433999999999976,44.89360000000003,0.04081632653061224,0.007815892314372557,0.0010131712259371835,0.0,146.69,4.447358829711229,16.354550240644784,0.009842234766246924,"(43.692, 129.905]","(109.578, 172.721]"
22.71153314981385,75.80605569474828,402.35,295.06935054903926,6909,2.5091344622955565,8.30624095130775,128.36,0.0,14.345999999999995,40.76040000000001,0.0316977854971776,0.006802721088435374,0.0008684324793747286,0.0,402.3500000000001,5.690593719277286,16.244798502313284,0.00853958604718483,"(221.794, 295.167]","(359.084, 440.154]"
22.74832733566517,72.29591224538318,17.02,43.56905624363434,6909,2.287980894485454,8.28064355190359,136.75,0.0,14.285999999999994,43.184400000000004,0.034447821681864235,0.005934288609060646,0.0008684324793747286,0.0,17.02,3.7970398120345767,18.874450057530623,0.007671153567810103,"(0.882, 43.692]","(0.009000000000000001, 61.12]"
22.76804794297812,83.95676925089069,706.57,343.7206364922002,6909,3.619958025763497,8.128084002363822,107.63,0.05,19.449999999999974,39.03120000000003,0.048487480098422346,0.004052684903748734,0.0002894774931249095,0.0,706.5699999999999,5.842734339709336,10.78222148986005,0.004631639889998553,"(295.167, 369.067]","(578.224, 1013.903]"
22.802712131041325,76.29360148908694,503.86,345.60632089525507,6909,2.7708336951801997,8.737319417744164,128.82,0.0,15.785999999999994,44.79240000000006,0.03690838037342597,0.007381676074685193,0.0008684324793747286,0.0,503.86,5.848189613974002,16.165670250165178,0.00911854103343465,"(295.167, 369.067]","(440.154, 578.224]"
22.80873549968536,70.88165347449142,28.7,42.975977194220846,6909,1.6199753944130844,7.2810521191484865,191.1,0.0,8.831999999999962,33.48680000000004,0.022289766970618033,0.004052684903748734,0.000578954986249819,0.0002894774931249095,28.7,3.7836435119621914,20.671165404315825,0.0060790273556231,"(0.882, 43.692]","(0.009000000000000001, 61.12]"
22.822245842205536,85.91970304580424,373.28,190.30882427408997,6909,3.9298957881024754,8.87385470337485,134.53,0.14,19.975999999999996,42.317600000000006,0.04993486756404689,0.006513243595310464,0.0007236937328122738,0.0,373.28000000000003,5.2538890033179975,10.76811994862409,0.007960631060935012,"(129.905, 221.794]","(359.084, 440.154]"
22.824349432731854,71.63971544195655,31.95,80.01751630277622,6909,1.8830409610652772,7.20201760729048,113.39,0.0,11.137999999999955,35.16120000000004,0.026631929367491678,0.004197423650311188,0.0004342162396873643,0.0,31.95,4.394665381945195,18.67255256495113,0.005065856129685917,"(43.692, 129.905]","(0.009000000000000001, 61.12]"
22.84969867340305,72.99382698349716,83.28,63.65788436299722,6909,2.296492980170792,8.92784111357144,195.93,0.0,13.575999999999967,45.17640000000001,0.03300043421623969,0.008684324793747287,0.0010131712259371835,0.0004342162396873643,83.28,4.169110052352735,19.671900031124927,0.012013315964683746,"(43.692, 129.905]","(61.12, 109.578]"
22.8837927252858,74.72678428905995,454.89,197.93370345532776,6909,2.4388855116514687,7.745165122595185,125.58,0.0,14.809999999999972,37.76200000000001,0.03213200173686496,0.005934288609060646,0.000578954986249819,0.0,454.89,5.292971620752525,15.483295274133042,0.0070921985815602835,"(129.905, 221.794]","(440.154, 578.224]"
22.905000248724832,80.88599244713495,612.86,570.1339344673868,6909,3.563269648284846,8.781802193967884,119.17,0.01,19.673999999999978,42.83000000000002,0.04877695759154726,0.006223766102185555,0.0004342162396873643,0.0,612.86,6.34762374338968,12.01985597715288,0.0070921985815602835,"(465.677, 607.151]","(578.224, 1013.903]"
22.91215044918554,88.01231276059995,15.81,54.85381296536726,6909,3.989044724272688,8.317672362070622,153.69,0.3,18.795999999999996,37.00280000000001,0.044579533941236066,0.004921117383123462,0.00014473874656245476,0.00014473874656245476,15.81,4.022737794722277,9.276103248163853,0.005644811115935735,"(43.692, 129.905]","(0.009000000000000001, 61.12]"
22.9203815517783,74.13334568643285,319.96,144.16399165917562,6909,2.4083745838761037,7.130922250956469,95.2,0.0,15.021999999999988,36.86920000000002,0.030105659284990594,0.004197423650311188,0.0,0.0,319.96,4.97786408030777,15.308741812048163,0.004197423650311188,"(129.905, 221.794]","(282.49, 359.084]"
22.93176331761123,79.08679713260328,425.04,626.7870047127562,6909,3.555320596323636,9.586230581689918,122.5,0.0,20.837999999999983,46.621600000000015,0.05369807497467072,0.008973802286872196,0.0004342162396873643,0.0,425.04,6.442200944468788,13.113187861320018,0.009842234766246924,"(607.151, 777.409]","(359.084, 440.154]"
22.93206312472954,85.28421740265034,562.44,244.26630447471922,6909,3.7804602692140685,8.528812244046724,128.42,0.09,19.497999999999983,40.37440000000001,0.04790852511217253,0.005644811115935736,0.0004342162396873643,0.0,562.44,5.502344577274316,10.67975496238679,0.006513243595310465,"(221.794, 295.167]","(440.154, 578.224]"
22.95301522311701,92.7577686567426,299.21,104.8399451643375,6909,6.238779852366479,15.393366822340122,302.82,0.54,30.255999999999997,67.27320000000002,0.08611955420466058,0.01939499203936894,0.0034737299174989146,0.001881603705311912,299.21,4.661928001706958,10.783068293620557,0.03198726299030251,"(43.692, 129.905]","(282.49, 359.084]"
22.95307560809343,83.16747052249774,630.4,412.41621645739025,6909,3.564411636995224,7.7554441338690845,90.22,0.04,19.24,36.304800000000014,0.04602692140686062,0.0034737299174989146,0.0,0.0,630.4,6.02445487351602,10.185352734750913,0.0034737299174989146,"(369.067, 465.677]","(578.224, 1013.903]"
23.03862552774194,81.3887580939295,710.6,539.7902185901871,6909,3.3813894919669996,8.058293316730968,110.66,0.01,18.68199999999999,37.79000000000002,0.04371110146186134,0.0036184686640613694,0.0002894774931249095,0.0,710.6,6.293031437638755,11.175875749865575,0.004197423650311188,"(465.677, 607.151]","(578.224, 1013.903]"
23.11672301799443,77.0749470435261,455.38,432.7329387910586,6909,3.131969894340715,9.649376817799103,180.55,0.0,18.775999999999996,46.18000000000007,0.04602692140686062,0.007815892314372557,0.001157909972499638,0.00014473874656245476,455.38,6.072428996288171,14.74470918086901,0.010565928499059199,"(369.067, 465.677]","(440.154, 578.224]"
23.133890487743173,87.20904834677124,46.17,106.36103716504986,6909,3.963163988999855,8.42540450932784,156.05,0.26,18.155999999999995,36.744000000000035,0.04038211029092488,0.005500072369373281,0.000578954986249819,0.00014473874656245476,46.17,4.676197333804967,9.271377826052293,0.007092198581560283,"(43.692, 129.905]","(0.009000000000000001, 61.12]"
23.1525998014767,84.46231526714035,660.49,323.82335904047284,6909,3.694151107251411,8.339366806293729,126.45,0.07,19.255999999999997,40.47720000000001,0.04689535388623534,0.004486901143436098,0.0002894774931249095,0.0,660.49,5.783281523929588,10.957101609472323,0.005065856129685917,"(295.167, 369.067]","(578.224, 1013.903]"
23.17546890628549,91.65190644158534,76.94,34.3406661480462,6909,7.582117527862208,17.106645897494662,245.17,0.56,39.34599999999991,83.62680000000006,0.11304096106527717,0.032710956723114776,0.006223766102185555,0.0013026487190620929,76.94,3.5650343164039424,11.02947674752043,0.049066435084672164,"(0.882, 43.692]","(61.12, 109.578]"
23.19436599859166,73.66284328045337,164.67,127.62452710897807,6909,2.3791460413952814,7.861648096520293,140.27,0.0,14.629999999999972,37.162000000000006,0.03343465045592705,0.005065856129685917,0.000578954986249819,0.0,164.67000000000002,4.856897517638052,15.619883661417527,0.0062237661021855555,"(43.692, 129.905]","(109.578, 172.721]"
23.206596170598026,86.33209867125673,233.1,183.21622027823918,6909,4.040940801852656,9.260482397449204,155.54,0.17,19.195999999999913,42.68960000000001,0.046750615139672894,0.0070921985815602835,0.0008684324793747286,0.00014473874656245476,233.1,5.216110177915228,10.56426993836636,0.009263279779997106,"(129.905, 221.794]","(222.892, 282.49]"
23.22685053975198,79.98418055885291,484.02,665.9276831158869,6909,3.6667057461282386,10.301927439969637,156.71,0.0,22.235999999999994,51.52880000000001,0.05659284990591981,0.010710667245621653,0.0013026487190620929,0.00014473874656245476,484.02,6.502681618922018,14.053155479207732,0.013750180923433204,"(607.151, 777.409]","(440.154, 578.224]"
23.26608357922153,78.17795566521609,463.08,545.1776540087975,6909,3.4619481835287305,9.786726709378101,172.61,0.0,20.08399999999998,45.59840000000002,0.05036908380373426,0.007815892314372557,0.0010131712259371835,0.00014473874656245476,463.08,6.302944296464867,13.17130829561225,0.010276451005934288,"(465.677, 607.151]","(440.154, 578.224]"
23.26820722543848,92.84934559575552,943.85,134.2994414749572,6909,3.2583326096396004,6.6592603084989515,119.9,0.56,14.841999999999988,29.0184,0.027210884353741496,0.0021710811984368217,0.0002894774931249095,0.0,943.85,4.907490407119125,8.90590205807983,0.002750036184686641,"(129.905, 221.794]","(578.224, 1013.903]"
23.28262220815087,72.65157000552942,97.59,104.87362376715052,6909,1.9375235200463166,7.6079295188954,152.23,0.0,11.349999999999973,37.77040000000002,0.028658271819366043,0.004776378636561007,0.0007236937328122738,0.00014473874656245476,97.59,4.6622461542303615,19.494153291591438,0.0066579823418729195,"(43.692, 129.905]","(61.12, 109.578]"
23.29331723229356,75.62209696627106,479.8,299.79212636176675,6909,2.43305977710233,7.421729685735563,122.85,0.0,14.595999999999995,36.55560000000001,0.028658271819366043,0.004631639889998552,0.0004342162396873643,0.0,479.8,5.706419416074076,15.02453220405622,0.005500072369373281,"(295.167, 369.067]","(440.154, 578.224]"
23.295253387547096,85.36928945412907,426.2,266.7118312060153,6909,3.659923288464322,8.41374329701113,152.28,0.09,18.82599999999997,40.03360000000001,0.04443479519467362,0.005065856129685917,0.0004342162396873643,0.00014473874656245476,426.2,5.589911145313675,10.93836834990863,0.00636850484874801,"(221.794, 295.167]","(359.084, 440.154]"
23.353115081941723,82.97534825033252,542.18,460.08676228796475,6909,3.256854827037198,7.182582276048015,95.59,0.04,17.89599999999997,33.34800000000001,0.03878998407873788,0.0027500361846866405,0.0,0.0,542.18,6.133586229817606,10.239323375372468,0.0027500361846866405,"(369.067, 465.677]","(440.154, 578.224]"
23.37180054389153,76.62173180312168,460.45,399.16450945606215,6909,2.9602402663192935,9.009069029762628,183.07,0.0,17.309999999999974,42.284400000000005,0.04038211029092488,0.007815892314372557,0.0007236937328122738,0.00014473874656245476,460.45,5.991875736198315,14.284105988622882,0.00969749601968447,"(369.067, 465.677]","(440.154, 578.224]"
23.375593206463385,69.7438262893418,28.58,57.88767822746096,6909,1.1835012302793457,6.5767775332788085,149.16,0.0,5.365999999999967,26.2684,0.01548704588218266,0.003184252424374005,0.0010131712259371835,0.0,28.580000000000002,4.075631870597015,22.195479930612205,0.005210594876248371,"(43.692, 129.905]","(0.009000000000000001, 61.12]"
23.38870152962958,87.90343646944183,21.62,107.0265208484974,6909,3.684605586915617,7.390124802278893,118.52,0.32,17.37199999999999,33.51840000000001,0.03792155159936315,0.003763207410623824,0.00014473874656245476,0.0,21.62,4.682376760390473,9.096873494995906,0.004052684903748734,"(43.692, 129.905]","(0.009000000000000001, 61.12]"
23.4307496907484,82.31774826366039,612.54,506.65882991890504,6909,3.1997249963815317,7.346976766942804,100.28,0.01,17.393999999999977,33.82920000000002,0.040237371544362424,0.0034737299174989146,0.00014473874656245476,0.0,612.54,6.229809627309949,10.572530284860761,0.003763207410623824,"(465.677, 607.151]","(578.224, 1013.903]"
23.478443774236545,77.39293949789665,475.01,477.56949502360754,6909,3.349704732957013,10.34194995326279,229.17,0.0,19.36199999999999,49.466,0.04790852511217253,0.009842234766246924,0.0013026487190620929,0.0002894774931249095,475.01,6.170801435506458,14.767267319428981,0.013315964683745837,"(465.677, 607.151]","(440.154, 578.224]"
23.480068443687603,84.70122838020839,608.5,329.27250734143246,6909,3.5571327254305976,8.391853143064823,142.02,0.06,18.87199999999999,41.694800000000015,0.04515848892748589,0.005644811115935736,0.000578954986249819,0.0,608.5,5.799918093514478,11.721459809597903,0.006802721088435375,"(295.167, 369.067]","(578.224, 1013.903]"
23.4876979594904,74.34968885568092,278.9,199.40087185331348,6909,2.2351338833405703,6.488509658278699,92.89,0.0,14.243999999999978,33.54680000000002,0.029381965552178316,0.002460558691561731,0.0,0.0,278.9,5.300319719766683,15.008848123680977,0.002460558691561731,"(129.905, 221.794]","(222.892, 282.49]"
23.489356631091287,73.39993766670737,157.48,143.2126530375276,6909,2.0792126212187005,8.104620822673203,167.08,0.0,12.157999999999983,40.516000000000055,0.0288030105659285,0.005355333622810827,0.0010131712259371835,0.00014473874656245476,157.48,4.971288967447454,19.48621324260669,0.007815892314372559,"(129.905, 221.794]","(109.578, 172.721]"
23.49323630936734,88.55974549756108,12.4,135.0922406170724,6909,3.9620610797510496,8.084688372558793,112.97,0.4,18.843999999999923,37.84040000000001,0.045882182660298164,0.004342162396873643,0.0002894774931249095,0.0,12.4,4.9133328956667786,9.550683265007715,0.004921117383123463,"(129.905, 221.794]","(0.009000000000000001, 61.12]"
23.50207899493608,74.95485232924925,440.1,249.5392948090833,6909,2.368238529454335,7.080257815426231,101.14,0.0,14.387999999999984,34.362400000000015,0.03097409176436532,0.004052684903748734,0.00014473874656245476,0.0,440.1000000000001,5.523615773728135,14.509680956097139,0.004342162396873643,"(221.794, 295.167]","(359.084, 440.154]"
23.51477318704353,91.59041129473252,134.35,68.67238134266181,6909,6.550594876248371,13.496547606202395,189.66,0.71,31.281999999999908,64.48800000000003,0.10001447387465624,0.020842379504993486,0.002460558691561731,0.0004342162396873643,134.35,4.243803988774555,9.8446005857002,0.027066145607179043,"(43.692, 129.905]","(109.578, 172.721]"
23.532576225635584,91.30179153377148,28.08,59.55767547101325,6909,6.511010276451006,13.268997466570136,185.77,0.75,30.737999999999957,62.70480000000001,0.10001447387465624,0.01997394702561876,0.002026342451874367,0.000578954986249819,28.080000000000002,4.103596224492467,9.630577699472036,0.02576349688811695,"(43.692, 129.905]","(0.009000000000000001, 61.12]"
23.547871133801607,93.23373676670626,943.85,184.04440000728093,6909,3.2583326096396004,6.6592603084989515,119.9,0.56,14.841999999999988,29.0184,0.027210884353741496,0.0021710811984368217,0.0002894774931249095,0.0,943.85,5.220595796322279,8.90590205807983,0.002750036184686641,"(129.905, 221.794]","(578.224, 1013.903]"
23.56767248865733,72.38058685735487,97.59,133.18719287089291,6909,1.9375235200463166,7.6079295188954,152.23,0.0,11.349999999999973,37.77040000000002,0.028658271819366043,0.004776378636561007,0.0007236937328122738,0.00014473874656245476,97.59,4.899235786830738,19.494153291591438,0.0066579823418729195,"(129.905, 221.794]","(61.12, 109.578]"
23.63235496177219,83.4822403159878,672.03,435.92476432269575,6909,3.366138370241714,8.043883268953198,134.98,0.04,18.31,36.848400000000005,0.04429005644811116,0.003763207410623824,0.0008684324793747286,0.0,672.03,6.079761016252372,10.946783821774442,0.005500072369373282,"(369.067, 465.677]","(578.224, 1013.903]"
23.64030069009001,80.94397774438552,478.69,618.3403058412742,6909,3.203326096396005,7.477018985376972,96.15,0.01,17.545999999999996,34.786,0.04182949775654943,0.0034737299174989146,0.0,0.0,478.69,6.428654888728321,10.859334358685064,0.0034737299174989146,"(607.151, 777.409]","(440.154, 578.224]"
23.642920664931708,87.16443229812506,143.98,155.14022574565558,6909,3.852742799247358,8.671118725979925,184.28,0.23,17.987999999999982,37.87160000000003,0.0425531914893617,0.005500072369373281,0.0010131712259371835,0.00014473874656245476,143.98,5.050754486481131,9.829773785476814,0.007960631060935013,"(129.905, 221.794]","(109.578, 172.721]"
23.649463063545355,81.4294681211394,478.69,584.0307856844826,6909,3.203326096396005,7.477018985376972,96.15,0.01,17.545999999999996,34.786,0.04182949775654943,0.0034737299174989146,0.0,0.0,478.69,6.371664470948884,10.859334358685064,0.0034737299174989146,"(465.677, 607.151]","(440.154, 578.224]"
23.67117272420473,73.81762239431825,205.69,180.23174069691393,6909,2.0859849471703575,6.893710824514321,115.86,0.0,13.22,33.972,0.027210884353741496,0.0034737299174989146,0.0004342162396873643,0.0,205.69,5.199776547677526,16.2858239989982,0.004342162396873643,"(129.905, 221.794]","(172.721, 222.892]"
23.688284312288,84.49991421738761,666.76,360.0141182681274,6909,3.5059198147344044,8.415946451397014,132.27,0.06,18.675999999999995,39.492000000000004,0.04385584020842379,0.0039079461571862786,0.000578954986249819,0.0,666.76,5.888917066344129,11.264373066849135,0.005065856129685917,"(295.167, 369.067]","(578.224, 1013.903]"
23.69077383209196,85.52113457330316,426.2,281.6650604154514,6909,3.659923288464322,8.41374329701113,152.28,0.09,18.82599999999997,40.03360000000001,0.04443479519467362,0.005065856129685917,0.0004342162396873643,0.00014473874656245476,426.2,5.644262664615141,10.93836834990863,0.00636850484874801,"(221.794, 295.167]","(359.084, 440.154]"
23.70055354106382,85.99300307474701,261.25,241.66371492839335,6909,3.8114531770154874,8.67853139209853,168.34,0.13,18.19199999999999,38.177200000000006,0.0425531914893617,0.004342162396873643,0.0008684324793747286,0.00014473874656245476,261.25,5.491676595697976,10.016439455109545,0.006513243595310465,"(221.794, 295.167]","(222.892, 282.49]"
23.71733127630003,80.25917826377973,429.2,676.3695811341588,6909,3.5251512519901578,9.892638375636448,139.58,0.0,21.265999999999995,49.36360000000008,0.055145462440295265,0.00969749601968447,0.000578954986249819,0.0,429.2,6.518217034052337,14.00325332675529,0.010855405992184108,"(607.151, 777.409]","(359.084, 440.154]"
23.76058535888558,92.44788398441956,319.34,136.14679963521996,6909,6.005785207700101,10.498357759358948,129.25,1.24,25.933999999999976,49.4784,0.0819221305543494,0.009552757273122015,0.000578954986249819,0.0,319.34000000000003,4.921051882333518,8.238455097945888,0.010710667245621653,"(129.905, 221.794]","(282.49, 359.084]"
23.77517820742507,71.68765868293853,69.06,141.85857443949521,6909,1.6014387031408308,6.215790556612462,192.7,0.0,9.835999999999995,29.654400000000024,0.022000289477493124,0.0026052974381241857,0.00014473874656245476,0.00014473874656245476,69.06,4.961855150953079,18.517337831602525,0.0033289911709364598,"(129.905, 221.794]","(61.12, 109.578]"
23.797994828772747,79.5417019343247,398.04,695.687029204794,6909,3.318072079895788,8.785589813934317,121.21,0.0,19.025999999999996,42.75520000000004,0.04573744391373571,0.00636850484874801,0.0004342162396873643,0.0,398.04,6.5463362843872295,12.885551032330747,0.007236937328122739,"(607.151, 777.409]","(359.084, 440.154]"
23.811382256432605,78.76174239119031,463.02,621.0346765521481,6909,3.2008771168041688,8.951236554507911,159.9,0.0,18.89,41.11080000000002,0.04646113764654798,0.00636850484874801,0.0007236937328122738,0.00014473874656245476,463.02,6.43299584126904,12.843600568285929,0.008250108554059922,"(607.151, 777.409]","(440.154, 578.224]"
23.826069522661115,91.9687293346521,108.45,113.46319770107591,6909,6.316788247213779,12.120811332032584,153.16,1.1,27.90199999999999,57.53040000000004,0.0895932841221595,0.014618613402807932,0.0017368649587494573,0.00014473874656245476,108.45,4.74025335387078,9.10753829967901,0.018526559559994212,"(43.692, 129.905]","(61.12, 109.578]"
23.839676062103187,86.4657370855887,278.56,215.40880602688205,6909,3.458682877406282,7.597464787340125,141.75,0.11,16.94199999999999,34.525200000000005,0.036618902880301056,0.00303951367781155,0.000578954986249819,0.0,278.56,5.377169239429414,9.982178546450728,0.004197423650311188,"(129.905, 221.794]","(222.892, 282.49]"
23.844797628278947,92.90784558450842,758.29,177.9628432680596,6909,3.847675495730207,6.709397915765315,89.56,0.78,17.11,30.4476,0.03560573165436387,0.0014473874656245477,0.0,0.0,758.29,5.1871782047851,7.913243234920585,0.0014473874656245477,"(129.905, 221.794]","(578.224, 1013.903]"
23.84736701124357,77.84427580584686,428.95,534.05854649985,6909,3.1852395426255606,8.749845507185675,151.67,0.0,18.97,39.814400000000006,0.04617166015342307,0.0060790273556231,0.0007236937328122738,0.00014473874656245476,428.95,6.282376173618684,12.499652527711897,0.007960631060935013,"(465.677, 607.151]","(359.084, 440.154]"
23.868692117806944,73.01308963028508,297.14,176.33879690423288,6909,1.976911275148357,7.317844413266538,167.96,0.0,12.853999999999978,35.41560000000003,0.027500361846866408,0.003763207410623824,0.0004342162396873643,0.00014473874656245476,297.14,5.178062009809264,17.914603720765644,0.005065856129685917,"(129.905, 221.794]","(282.49, 359.084]"
23.87531107531077,76.77483762574576,418.44,433.2455282854187,6909,2.731650021710812,8.040844984845643,151.7,0.0,16.943999999999978,39.03040000000001,0.03893472282530033,0.005210594876248371,0.0002894774931249095,0.00014473874656245476,418.44,6.073610107510149,14.288208738887725,0.006223766102185555,"(369.067, 465.677]","(359.084, 440.154]"
23.91623845747041,91.38553105726376,25.16,79.63081249874851,6909,6.2506209292227535,12.083726372968606,151.47,1.07,27.873999999999953,54.84280000000001,0.08901432913590969,0.014473874656245478,0.0015921262121870025,0.00014473874656245476,25.16,4.389880865525094,8.773974913376268,0.018092343320306847,"(43.692, 129.905]","(0.009000000000000001, 61.12]"
23.93340800091063,76.14609384593517,409.67,378.4866217896193,6909,2.4899334201765813,7.219355272961305,105.04,0.0,14.989999999999945,35.10040000000001,0.03285569546967723,0.004052684903748734,0.0002894774931249095,0.0,409.67,5.938819344013044,14.09691745917981,0.004631639889998553,"(369.067, 465.677]","(359.084, 440.154]"
23.95019806385154,91.6417648168953,108.45,104.3482465218978,6909,6.316788247213779,12.120811332032584,153.16,1.1,27.90199999999999,57.53040000000004,0.0895932841221595,0.014618613402807932,0.0017368649587494573,0.00014473874656245476,108.45,4.6572714958012655,9.10753829967901,0.018526559559994212,"(43.692, 129.905]","(61.12, 109.578]"
23.97450396255573,86.92713261070718,176.77,199.11048269238063,6909,3.6261875814155453,7.766968898771116,155.99,0.22,17.299999999999944,34.4376,0.037487335359675786,0.003763207410623824,0.000578954986249819,0.00014473874656245476,176.77,5.298869627485792,9.496913695138462,0.005355333622810827,"(129.905, 221.794]","(172.721, 222.892]"
24.024326523323367,74.62487713256475,318.22,261.3764255563941,6909,2.0723404255319147,6.22329518511744,103.6,0.0,12.897999999999984,33.27640000000001,0.026197713127804313,0.0015921262121870025,0.00014473874656245476,0.0,318.21999999999997,5.569780211404337,16.057392662243792,0.001881603705311912,"(221.794, 295.167]","(282.49, 359.084]"
24.064140089738284,83.65049282996664,366.94,452.29849300550234,6909,3.038843537414966,7.749907073614623,151.1,0.02,16.87799999999993,36.747600000000006,0.03850050658561297,0.0033289911709364598,0.0004342162396873643,0.00014473874656245476,366.94,6.11655083344426,12.092622556881388,0.004631639889998552,"(369.067, 465.677]","(359.084, 440.154]"
24.064466833872995,87.69713655750897,93.62,183.32819646012837,6909,3.567151541467651,7.265971034996188,115.9,0.3,16.98,32.62400000000002,0.036618902880301056,0.0028947749312490953,0.0004342162396873643,0.0,93.62,5.216717845161015,9.145670004506552,0.003763207410623824,"(129.905, 221.794]","(61.12, 109.578]"
24.090483982591067,85.485540751014,394.8,308.89355995902054,6909,3.311791865682443,7.62084252341886,126.86,0.06,17.15399999999998,35.4292,0.03763207410623824,0.003184252424374005,0.0004342162396873643,0.0,394.8,5.736228883548476,10.697891274277898,0.004052684903748734,"(295.167, 369.067]","(359.084, 440.154]"
24.096729375447016,92.24397095627282,319.34,153.09755419969494,6909,6.005785207700101,10.498357759358948,129.25,1.24,25.933999999999976,49.4784,0.0819221305543494,0.009552757273122015,0.000578954986249819,0.0,319.34000000000003,5.037585870686131,8.238455097945888,0.010710667245621653,"(129.905, 221.794]","(282.49, 359.084]"
24.1028003184922,84.86453950300836,440.64,362.41026981565625,6909,3.256197713127804,7.856268281114957,116.2,0.03,17.437999999999985,36.653600000000004,0.041105804023737154,0.0036184686640613694,0.000578954986249819,0.0,440.64,5.895532415925045,11.256561171228915,0.004776378636561007,"(295.167, 369.067]","(440.154, 578.224]"
24.161880385182663,94.00349528059216,972.92,287.58727322588857,6909,2.6534983355044144,5.120028761653097,72.28,0.42,12.365999999999994,23.89,0.017658127080619482,0.0007236937328122738,0.0,0.0,972.92,5.6649975470510165,9.00320557097809,0.0007236937328122738,"(221.794, 295.167]","(578.224, 1013.903]"
24.19148498977685,92.04934987159008,108.45,153.15798448252198,6909,6.316788247213779,12.120811332032584,153.16,1.1,27.90199999999999,57.53040000000004,0.0895932841221595,0.014618613402807932,0.0017368649587494573,0.00014473874656245476,108.45,5.037977949828388,9.10753829967901,0.018526559559994212,"(129.905, 221.794]","(61.12, 109.578]"
24.195018467165287,92.71396411876282,319.34,189.75841434270194,6909,6.005785207700101,10.498357759358948,129.25,1.24,25.933999999999976,49.4784,0.0819221305543494,0.009552757273122015,0.000578954986249819,0.0,319.34000000000003,5.251007781080012,8.238455097945888,0.010710667245621653,"(129.905, 221.794]","(282.49, 359.084]"
24.20439658548717,81.69822686952466,442.46,613.1122808501082,6909,2.9971269358807353,7.4501053519604055,141.34,0.0,16.803999999999977,34.46280000000001,0.03792155159936315,0.0036184686640613694,0.00014473874656245476,0.0,442.46,6.420177779262911,11.4986082467223,0.0039079461571862786,"(607.151, 777.409]","(440.154, 578.224]"
24.225256673730183,84.17088527685875,356.57,425.48487549223427,6909,3.229769865392966,8.15517714839282,156.84,0.03,17.795999999999996,37.1568,0.04154002026342452,0.004342162396873643,0.0004342162396873643,0.00014473874656245476,356.57,6.055576904385558,11.504469372157498,0.005644811115935736,"(369.067, 465.677]","(282.49, 359.084]"
24.24391127159869,82.38413857476152,420.66,566.4487884007603,6909,2.8536807063250835,6.622648693970262,83.85,0.01,15.67,30.28600000000002,0.03300043421623969,0.002460558691561731,0.0,0.0,420.65999999999997,6.341150504580114,10.612956565153073,0.002460558691561731,"(465.677, 607.151]","(359.084, 440.154]"
24.26291575509236,75.38583819964163,406.44,335.4048421223907,6909,2.2280431321464755,6.85528931313299,92.04,0.0,14.115999999999994,33.48040000000001,0.029526704298740773,0.004197423650311188,0.0,0.0,406.44,5.8183153219380985,15.026811864693776,0.004197423650311188,"(295.167, 369.067]","(359.084, 440.154]"
24.273765765998,72.13870715489304,95.67,211.2931956139607,6909,1.409460124475322,5.716309660342742,164.76,0.0,8.19399999999998,26.846800000000005,0.018381820813431756,0.0017368649587494573,0.0002894774931249095,0.00014473874656245476,95.67,5.357968317389924,19.047563308987215,0.0027500361846866405,"(129.905, 221.794]","(61.12, 109.578]"
24.28067502665362,93.67716018694996,869.25,269.38470294381307,6909,3.47568968012737,6.841789307357408,94.39,0.55,16.389999999999972,32.326,0.03343465045592705,0.002315819944999276,0.0,0.0,869.25,5.599845770615202,9.30059748550909,0.002315819944999276,"(221.794, 295.167]","(578.224, 1013.903]"
24.290843311664133,88.37321607225152,27.43,211.59297195584534,6909,3.4383210305398757,6.808736784574264,89.03,0.34,16.50199999999999,32.0092,0.03430308293530178,0.002315819944999276,0.0,0.0,27.43,5.3593794077689845,9.309541024862643,0.002315819944999276,"(129.905, 221.794]","(0.009000000000000001, 61.12]"
24.307055115881848,93.25800843139793,455.49,237.57577296131274,6909,4.645662179765523,7.963985261612513,101.95,1.02,20.725999999999996,35.7892,0.05369807497467072,0.0034737299174989146,0.00014473874656245476,0.0,455.49,5.474686966207166,7.703787083807992,0.003763207410623824,"(221.794, 295.167]","(440.154, 578.224]"
24.30777256110274,76.52601844538847,347.3,432.6037213783244,6909,2.3901982920827907,7.34381323061238,124.61,0.0,15.005999999999966,34.323600000000006,0.03256621797655232,0.0039079461571862786,0.0004342162396873643,0.0,347.3,6.072131032603193,14.36014148012354,0.004776378636561007,"(369.067, 465.677]","(282.49, 359.084]"
24.31796938959302,87.2758242689256,128.41,219.88929725112024,6909,3.3591894630192503,6.806105561171795,87.93,0.27,16.137999999999984,31.373600000000003,0.0316977854971776,0.0021710811984368217,0.0,0.0,128.41,5.397661658600966,9.33963118358026,0.0021710811984368217,"(129.905, 221.794]","(109.578, 172.721]"
24.32689318761588,86.71942378145133,185.37,243.55043601228562,6909,3.2805123751628313,7.030038065583997,100.34,0.19,16.145999999999994,32.81720000000001,0.03213200173686496,0.0034737299174989146,0.00014473874656245476,0.0,185.37,5.499421569900504,10.003678158565988,0.003763207410623824,"(221.794, 295.167]","(172.721, 222.892]"
24.3321190488864,86.1568104844484,260.28,277.0992409176865,6909,3.0709538283398468,6.832065754131111,95.52,0.08,15.525999999999994,32.44480000000007,0.03242147922998987,0.0026052974381241857,0.0,0.0,260.28,5.62797803170612,10.56505283001498,0.0026052974381241857,"(221.794, 295.167]","(222.892, 282.49]"
24.373722928560618,94.2616213538291,610.47,322.67378887603473,6909,2.8825271385149804,6.066588861654646,90.8,0.39,14.081999999999988,29.076000000000022,0.026197713127804313,0.0015921262121870025,0.0,0.0,610.47,5.779736184147442,10.0869787224278,0.0015921262121870025,"(295.167, 369.067]","(578.224, 1013.903]"
24.38640884657307,93.8785612444546,869.25,292.76895726527977,6909,3.47568968012737,6.841789307357408,94.39,0.55,16.389999999999972,32.326,0.03343465045592705,0.002315819944999276,0.0,0.0,869.25,5.6827935987472165,9.30059748550909,0.002315819944999276,"(221.794, 295.167]","(578.224, 1013.903]"
24.413292420743645,83.06492980385565,271.74,522.6135861396234,6909,2.4546417716022577,5.9228785905874926,77.46,0.01,14.211999999999989,27.91200000000001,0.024026631929367492,0.0014473874656245477,0.0,0.0,271.74,6.26075398125378,11.371104717522936,0.0014473874656245477,"(465.677, 607.151]","(222.892, 282.49]"
24.44708477836916,80.14600813398431,361.35,738.7527305180555,6909,2.9879649732233315,8.152311143559334,131.42,0.0,17.459999999999972,38.254400000000004,0.040237371544362424,0.005500072369373281,0.000578954986249819,0.0,361.3500000000001,6.606315982409776,12.802823172290767,0.006657982341872919,"(607.151, 777.409]","(359.084, 440.154]"
24.455411216792864,73.65201898509689,556.23,252.85489071626648,6909,1.7364510059342886,6.269898662528033,140.94,0.0,10.835999999999967,31.68,0.023881893182805036,0.0021710811984368217,0.0002894774931249095,0.0,556.23,5.536762807373921,18.244097672572728,0.002750036184686641,"(221.794, 295.167]","(440.154, 578.224]"
24.500616872773303,93.8008757536199,869.25,293.7041749383856,6909,3.47568968012737,6.841789307357408,94.39,0.55,16.389999999999972,32.326,0.03343465045592705,0.002315819944999276,0.0,0.0,869.25,5.685972056383667,9.30059748550909,0.002315819944999276,"(221.794, 295.167]","(578.224, 1013.903]"
24.503312664293524,77.26174068385357,488.12,508.24209286628553,6909,2.708963670574613,8.29083293741716,155.11,0.0,16.457999999999984,39.47160000000002,0.03878998407873788,0.005500072369373281,0.0007236937328122738,0.00014473874656245476,488.12,6.232923527968767,14.570732659879054,0.007381676074685193,"(465.677, 607.151]","(440.154, 578.224]"
24.509299043855137,92.63141024881476,113.22,212.66126057309606,6909,7.102964249529599,11.760511785130785,125.5,1.71,30.615999999999996,54.252,0.10696193370965408,0.012302793457808655,0.0004342162396873643,0.0,113.22,5.364391866402499,7.6379368466701845,0.013171225937183383,"(129.905, 221.794]","(109.578, 172.721]"
24.532256594654005,87.5932106716614,128.41,236.19901605957034,6909,3.3591894630192503,6.806105561171795,87.93,0.27,16.137999999999984,31.373600000000003,0.0316977854971776,0.0021710811984368217,0.0,0.0,128.41,5.46889951896813,9.33963118358026,0.0021710811984368217,"(221.794, 295.167]","(109.578, 172.721]"
24.54299849717699,85.6917949679089,284.19,326.18565830795876,6909,2.9837371544362425,7.199115300093118,101.98,0.04,15.573999999999979,33.3192,0.03343465045592705,0.0033289911709364598,0.00014473874656245476,0.0,284.19,5.790527772190817,11.166931639246153,0.0036184686640613694,"(295.167, 369.067]","(282.49, 359.084]"
24.57046618488669,92.37412593741956,113.22,202.8093949305655,6909,7.102964249529599,11.760511785130785,125.5,1.71,30.615999999999996,54.252,0.10696193370965408,0.012302793457808655,0.0004342162396873643,0.0,113.22,5.317185218502191,7.6379368466701845,0.013171225937183383,"(129.905, 221.794]","(109.578, 172.721]"
24.578016269318496,80.8098215131798,359.85,702.5139210353865,6909,2.9142900564481113,8.310183463409876,157.1,0.0,16.77199999999999,39.85040000000001,0.038355767839050516,0.005789549862498191,0.0004342162396873643,0.00014473874656245476,359.8500000000001,6.556087664610807,13.674131796763293,0.0070921985815602835,"(607.151, 777.409]","(359.084, 440.154]"
24.611438087149217,77.87806693948124,414.99,569.2669721783044,6909,2.8184440584744537,7.76300756078278,151.08,0.0,17.37199999999999,35.98240000000001,0.040237371544362424,0.004052684903748734,0.0002894774931249095,0.00014473874656245476,414.99,6.346104623419194,12.76675587193326,0.005065856129685917,"(465.677, 607.151]","(359.084, 440.154]"
24.617159075603123,94.00653280508908,869.25,318.02089119873153,6909,3.47568968012737,6.841789307357408,94.39,0.55,16.389999999999972,32.326,0.03343465045592705,0.002315819944999276,0.0,0.0,869.25,5.765256590291687,9.30059748550909,0.002315819944999276,"(295.167, 369.067]","(578.224, 1013.903]"
24.62947421234061,75.18256390156535,453.09,349.1066421761641,6909,2.149548415110725,6.7544908176709315,137.52,0.0,13.221999999999962,34.84720000000001,0.030539875524677955,0.0028947749312490953,0.00014473874656245476,0.0,453.09000000000003,5.858237800006197,16.211397493369557,0.003184252424374005,"(295.167, 369.067]","(440.154, 578.224]"
24.6675343888528,93.51160070868568,869.25,283.3589512035586,6909,3.47568968012737,6.841789307357408,94.39,0.55,16.389999999999972,32.326,0.03343465045592705,0.002315819944999276,0.0,0.0,869.25,5.650237352784536,9.30059748550909,0.002315819944999276,"(221.794, 295.167]","(578.224, 1013.903]"
24.67256710899247,93.15441192138928,455.49,258.91439653726326,6909,4.645662179765523,7.963985261612513,101.95,1.02,20.725999999999996,35.7892,0.05369807497467072,0.0034737299174989146,0.00014473874656245476,0.0,455.49,5.560352332715344,7.703787083807992,0.003763207410623824,"(221.794, 295.167]","(440.154, 578.224]"
24.68472509092847,85.00961011614031,256.92,387.6335505358966,6909,2.974127949051961,7.664785021475377,112.6,0.02,16.435999999999996,35.83440000000001,0.03734259661311333,0.004486901143436098,0.0002894774931249095,0.0,256.92,5.962636870159126,12.048704213521962,0.005065856129685917,"(369.067, 465.677]","(222.892, 282.49]"
24.694968309432635,78.51893833206407,387.59,631.9611010857437,6909,2.827174699667101,7.995340768748758,150.59,0.0,16.935999999999968,37.57800000000005,0.03850050658561297,0.004921117383123462,0.000578954986249819,0.00014473874656245476,387.59000000000003,6.450408968574655,13.29171017012662,0.006513243595310463,"(607.151, 777.409]","(359.084, 440.154]"
24.717125328854475,74.47289301035276,436.12,313.9470344805976,6909,1.937652337530757,6.281498479670541,108.26,0.0,12.08199999999988,32.48120000000001,0.026921406860616587,0.0021710811984368217,0.0004342162396873643,0.0,436.12,5.752404480181721,16.763163653098204,0.0030395136778115506,"(295.167, 369.067]","(359.084, 440.154]"
24.75369923358493,81.6530801491379,184.05,659.5131816974308,6909,2.485775075987842,6.85032308730566,88.35,0.0,15.417999999999955,35.38240000000003,0.03242147922998987,0.0033289911709364598,0.0,0.0,184.05000000000004,6.49301708091302,14.233945020948495,0.0033289911709364598,"(607.151, 777.409]","(172.721, 222.892]"
24.755403727051544,86.29935764857095,127.41,306.34642040054564,6909,2.8072572007526415,6.807017060143639,107.93,0.06,14.761999999999988,32.55440000000001,0.02967144304530323,0.0033289911709364598,0.00014473874656245476,0.0,127.41,5.727975516630065,11.596510784534173,0.0036184686640613694,"(295.167, 369.067]","(109.578, 172.721]"
24.757711602582123,93.85878566059166,952.61,316.0331666592146,6909,3.7068374583876107,7.026349007156041,83.74,0.67,16.813999999999975,33.69760000000001,0.03473729917498915,0.0021710811984368217,0.0,0.0,952.61,5.759006395089511,9.09065781481551,0.0021710811984368217,"(295.167, 369.067]","(578.224, 1013.903]"
24.759788937437243,92.88015709353154,467.15,249.71775967209254,6909,4.845267042987407,8.175729688524696,93.37,1.1,20.855999999999995,36.76520000000001,0.053263858734983356,0.003763207410623824,0.0,0.0,467.1499999999999,5.524327842990621,7.587856786005999,0.003763207410623824,"(221.794, 295.167]","(440.154, 578.224]"
24.764604309592706,79.68267283595783,254.32,743.8944306400259,6909,2.5175640468953535,6.383624782161399,106.05,0.0,15.301999999999989,30.508800000000047,0.030105659284990594,0.0017368649587494573,0.00014473874656245476,0.0,254.32,6.6132425044997305,12.118376062466913,0.002026342451874367,"(607.151, 777.409]","(222.892, 282.49]"
24.79860421521356,94.38134632780682,1130.04,360.3266295546505,6909,3.1541786076132583,6.246514275964315,84.15,0.53,14.885999999999996,29.78760000000002,0.02822405557967868,0.0017368649587494573,0.0,0.0,1130.04,5.889782340266341,9.443850289343557,0.0017368649587494573,"(295.167, 369.067]","(1013.903, 4872.69]"
24.80851056257053,84.41029529287705,107.64,443.94079450230026,6909,2.720421189752497,7.128036451836201,100.87,0.0,15.845999999999995,35.78840000000006,0.03372412794905196,0.0028947749312490953,0.00014473874656245476,0.0,107.64,6.097941227252581,13.155458051625462,0.003184252424374005,"(369.067, 465.677]","(61.12, 109.578]"
24.81273833756924,72.8288491623906,397.76,274.8373168775256,6909,1.5284918222608193,5.549265188746177,103.1,0.0,9.655999999999995,27.620400000000007,0.018092343320306847,0.0013026487190620929,0.00014473874656245476,0.0,397.76,5.6198112603308825,18.07034982287075,0.0015921262121870025,"(221.794, 295.167]","(359.084, 440.154]"
24.81598489984663,85.51833760395638,108.31,360.2509636643952,6909,2.7545766391663045,7.037452554775928,102.51,0.03,14.88,35.00960000000001,0.0319872629903025,0.0034737299174989146,0.00014473874656245476,0.0,108.31,5.889572907006185,12.70960727416489,0.003763207410623824,"(295.167, 369.067]","(61.12, 109.578]"
24.8321977795596,86.81479981938308,97.93,289.6007965875895,6909,3.0069286437979446,7.143467928899758,108.53,0.15,15.165999999999995,32.77760000000002,0.0332899117093646,0.004052684903748734,0.0002894774931249095,0.0,97.92999999999999,5.671950492314771,10.900687373117188,0.004631639889998553,"(221.794, 295.167]","(61.12, 109.578]"
24.854351280845343,94.00908078725168,952.61,334.4792876332303,6909,3.7068374583876107,7.026349007156041,83.74,0.67,16.813999999999975,33.69760000000001,0.03473729917498915,0.0021710811984368217,0.0,0.0,952.61,5.815560218688507,9.09065781481551,0.0021710811984368217,"(295.167, 369.067]","(578.224, 1013.903]"
24.85625023288948,79.04918031626504,300.96,688.2549215081045,6909,2.4347676943117675,6.867144441341678,114.24,0.0,14.891999999999989,33.514400000000045,0.031842524243740046,0.0028947749312490953,0.00014473874656245476,0.0,300.96,6.5356111902601395,13.764921521415204,0.003184252424374005,"(607.151, 777.409]","(282.49, 359.084]"
24.86516606210409,87.30252282564302,100.28,277.9153060821408,6909,3.2064452163844264,7.005898188174186,120.27,0.22,16.15199999999999,33.09000000000002,0.03097409176436532,0.00303951367781155,0.0002894774931249095,0.0,100.28,5.630908173307362,10.319836281960827,0.003618468664061369,"(221.794, 295.167]","(61.12, 109.578]"
24.919727892761813,76.69564602011366,359.13,484.5939306146731,6909,2.3111058040237373,7.236972547208729,144.43,0.0,14.7,33.483600000000045,0.03155304675061514,0.00303951367781155,0.0007236937328122738,0.0,359.13,6.18537274093298,14.488123154543807,0.004486901143436098,"(465.677, 607.151]","(359.084, 440.154]"
24.93025007939791,82.62186894601007,166.87,594.0473939057972,6909,2.3064929801707916,6.2903411947061905,81.03,0.0,13.875999999999967,31.466,0.025908235634679404,0.0021710811984368217,0.0,0.0,166.87,6.388641055996637,13.642350801917116,0.0021710811984368217,"(465.677, 607.151]","(109.578, 172.721]"
24.941327759832472,84.02061728666776,169.46,484.61715533183724,6909,2.473543204515849,6.204314890254511,85.11,0.0,14.55,30.54200000000001,0.02793457808655377,0.0014473874656245477,0.0,0.0,169.46,6.185420567234604,12.347464801413583,0.0014473874656245477,"(465.677, 607.151]","(109.578, 172.721]"
24.98022004461556,83.57719600841098,169.46,524.4530057368678,6909,2.473543204515849,6.204314890254511,85.11,0.0,14.55,30.54200000000001,0.02793457808655377,0.0014473874656245477,0.0,0.0,169.46,6.264260758605204,12.347464801413583,0.0014473874656245477,"(465.677, 607.151]","(109.578, 172.721]"
25.00895956914596,93.90464188236577,952.61,338.05941736613784,6909,3.7068374583876107,7.026349007156041,83.74,0.67,16.813999999999975,33.69760000000001,0.03473729917498915,0.0021710811984368217,0.0,0.0,952.61,5.82617536448851,9.09065781481551,0.0021710811984368217,"(295.167, 369.067]","(578.224, 1013.903]"
25.02466617944725,87.69415800759872,100.28,289.5010712920387,6909,3.2064452163844264,7.005898188174186,120.27,0.22,16.15199999999999,33.09000000000002,0.03097409176436532,0.00303951367781155,0.0002894774931249095,0.0,100.28,5.671607264037451,10.319836281960827,0.003618468664061369,"(221.794, 295.167]","(61.12, 109.578]"
25.06191163320944,93.55060519182584,952.61,317.6382858743457,6909,3.7068374583876107,7.026349007156041,83.74,0.67,16.813999999999975,33.69760000000001,0.03473729917498915,0.0021710811984368217,0.0,0.0,952.61,5.76405655935335,9.09065781481551,0.0021710811984368217,"(295.167, 369.067]","(578.224, 1013.903]"
25.10939393047427,88.12397787749501,28.42,282.5686976079243,6909,3.540743957157331,7.326556210698219,94.25,0.26,17.02199999999999,32.87880000000001,0.036618902880301056,0.003763207410623824,0.0,0.0,28.419999999999998,5.647454413417825,9.285842498635255,0.003763207410623824,"(221.794, 295.167]","(0.009000000000000001, 61.12]"
25.1247604937504,83.2496413810878,188.16,561.0131728205,6909,2.2243190041974237,5.84805760765177,79.44,0.0,13.07,29.067600000000002,0.02243450571718049,0.0013026487190620929,0.0,0.0,188.16,6.331525288801382,13.068083704299614,0.0013026487190620929,"(465.677, 607.151]","(172.721, 222.892]"
25.12584087385021,85.81444450894357,108.31,367.92285114606057,6909,2.7545766391663045,7.037452554775928,102.51,0.03,14.88,35.00960000000001,0.0319872629903025,0.0034737299174989146,0.00014473874656245476,0.0,108.31,5.91058754669627,12.70960727416489,0.003763207410623824,"(295.167, 369.067]","(61.12, 109.578]"
25.15269944767888,85.00550110295367,92.56,423.10116146945853,6909,2.756134028079317,7.396876974445732,112.43,0.01,15.991999999999988,36.12640000000001,0.03517151541467651,0.0036184686640613694,0.0002894774931249095,0.0,92.56,6.049972015145643,13.107630661033184,0.004197423650311188,"(369.067, 465.677]","(61.12, 109.578]"
25.16140595642129,86.173969655426,127.41,351.41376809774437,6909,2.8072572007526415,6.807017060143639,107.93,0.06,14.761999999999988,32.55440000000001,0.02967144304530323,0.0033289911709364598,0.00014473874656245476,0.0,127.41,5.864805962815699,11.596510784534173,0.0036184686640613694,"(295.167, 369.067]","(109.578, 172.721]"
25.18398791642195,84.65833178191119,107.64,450.81219759188804,6909,2.720421189752497,7.128036451836201,100.87,0.0,15.845999999999995,35.78840000000006,0.03372412794905196,0.0028947749312490953,0.00014473874656245476,0.0,107.64,6.113266601438146,13.155458051625462,0.003184252424374005,"(369.067, 465.677]","(61.12, 109.578]"
25.19405614716227,76.0004630773122,289.32,451.41973391405503,6909,2.2548617744970327,7.373067436359516,149.15,0.0,14.033999999999951,35.364400000000025,0.031408308004052685,0.004052684903748734,0.0004342162396873643,0.0,289.32,6.114610363790298,15.683615162740166,0.004921117383123463,"(369.067, 465.677]","(282.49, 359.084]"
25.21146556688273,85.44423148071495,108.31,398.2489091663727,6909,2.7545766391663045,7.037452554775928,102.51,0.03,14.88,35.00960000000001,0.0319872629903025,0.0034737299174989146,0.00014473874656245476,0.0,108.31,5.989585054884433,12.70960727416489,0.003763207410623824,"(369.067, 465.677]","(61.12, 109.578]"
25.212213869573983,72.31411973194744,242.72,297.36555788704806,6909,1.423585178752352,5.506912341786101,107.95,0.0,8.705999999999994,26.442000000000007,0.01606600086843248,0.002026342451874367,0.0002894774931249095,0.0,242.72,5.698319439037365,18.574217981783228,0.0026052974381241857,"(295.167, 369.067]","(222.892, 282.49]"
25.216880634753785,81.10442985675061,225.72,734.2798085396455,6909,2.4564553480966858,6.725365434493958,87.08,0.0,14.997999999999983,35.79720000000001,0.030105659284990594,0.00303951367781155,0.0,0.0,225.72,6.600251118658739,14.572699420340376,0.00303951367781155,"(607.151, 777.409]","(222.892, 282.49]"
25.22111515564549,86.51539057454058,127.41,341.32627268149565,6909,2.8072572007526415,6.807017060143639,107.93,0.06,14.761999999999988,32.55440000000001,0.02967144304530323,0.0033289911709364598,0.00014473874656245476,0.0,127.41,5.835764295969352,11.596510784534173,0.0036184686640613694,"(295.167, 369.067]","(109.578, 172.721]"
25.241342488087668,92.491808816662,255.46,259.8230951722218,6909,7.791531335938631,13.126730027974983,134.94,1.7,34.24,59.0992,0.1276595744680851,0.01707917209436966,0.0010131712259371835,0.0,255.46,5.5638423812399385,7.585054832847644,0.01910551454624403,"(221.794, 295.167]","(222.892, 282.49]"
25.27826678038292,81.88691484861951,95.42,675.5257002497244,6909,2.3431784628745116,6.800394905774731,107.17,0.0,14.281999999999988,34.156,0.0316977854971776,0.0026052974381241857,0.00014473874656245476,0.0,95.42,6.516970436911006,14.576775078977045,0.0028947749312490953,"(607.151, 777.409]","(61.12, 109.578]"
25.28463881498533,87.13180417293,41.49,327.24226614916734,6909,2.9791952525691126,7.281627345897138,112.99,0.11,15.517999999999983,35.31880000000001,0.03285569546967723,0.0034737299174989146,0.0002894774931249095,0.0,41.49,5.793751952049799,11.855143805831123,0.004052684903748734,"(295.167, 369.067]","(0.009000000000000001, 61.12]"
25.287390371987964,73.82148491290675,449.87,346.15196164776216,6909,1.335346649298017,4.60603418790848,92.47,0.0,8.625999999999994,22.731200000000005,0.012592270950933565,0.0008684324793747286,0.0,0.0,449.87,5.849762613904222,17.02268320309669,0.0008684324793747286,"(295.167, 369.067]","(440.154, 578.224]"
25.30939653854182,78.66505393506925,221.79,675.5138664193199,6909,2.1380040526849036,6.1742978682266845,81.06,0.0,13.067999999999984,31.138800000000032,0.026197713127804313,0.0021710811984368217,0.0,0.0,221.79,6.516952944694671,14.564418339842542,0.0021710811984368217,"(607.151, 777.409]","(172.721, 222.892]"
25.31073266154589,94.47386152867524,1356.59,402.746975802207,6909,3.37067158778405,5.909641152638449,69.97,0.76,14.841999999999988,28.4476,0.026487190620929222,0.0008684324793747286,0.0,0.0,1356.59,6.000788384235642,8.439739921076713,0.0008684324793747286,"(369.067, 465.677]","(1013.903, 4872.69]"
25.31808952774688,91.2167048245976,1021.1,199.62860553707185,6909,8.056540743957157,14.645696241640426,248.94,1.46,36.57999999999997,67.49160000000006,0.12548849326964828,0.023737154436242584,0.002315819944999276,0.0004342162396873643,1021.1,5.30145546524714,8.377242015859029,0.029671443045303225,"(129.905, 221.794]","(1013.903, 4872.69]"
25.34753325051992,90.56194824436764,344.29,193.78824333561926,6909,6.718778404979013,12.080280090531138,177.78,1.22,29.419999999999973,55.067600000000006,0.10348820379215516,0.013605442176870748,0.0015921262121870025,0.00014473874656245476,344.29,5.271913036900596,8.196072036416563,0.017223910840932118,"(129.905, 221.794]","(282.49, 359.084]"
25.3543742092358,82.49823593297981,85.96,634.4501715717518,6909,2.2449862498190765,6.404897542126953,83.93,0.0,13.209999999999972,32.200800000000015,0.02822405557967868,0.002460558691561731,0.0,0.0,85.96000000000001,6.454333679328439,14.343422218809962,0.002460558691561731,"(607.151, 777.409]","(61.12, 109.578]"
25.361746915786902,79.70677238315703,147.64,771.7354343771644,6909,2.2309654074395717,5.76444470569509,69.98,0.0,13.411999999999988,28.532400000000035,0.025039803155304675,0.0014473874656245477,0.0,0.0,147.64,6.6499367317594125,12.78925577043807,0.0014473874656245477,"(607.151, 777.409]","(109.578, 172.721]"
25.36357639724564,82.93676629537961,77.2,601.7694445801081,6909,2.2045853234910986,6.136713779611747,101.59,0.0,12.993999999999978,29.454400000000007,0.02330293819655522,0.0021710811984368217,0.00014473874656245476,0.0,77.2,6.401534776317151,13.360511079174774,0.0024605586915617313,"(465.677, 607.151]","(61.12, 109.578]"
25.3750961614355,77.82685136863647,302.84,607.0116282820544,6909,2.076041395281517,6.04406086324504,82.21,0.0,12.787999999999984,31.516400000000015,0.02634245187436677,0.001881603705311912,0.0,0.0,302.84,6.410194007247183,15.181000191340653,0.001881603705311912,"(465.677, 607.151]","(282.49, 359.084]"
25.38347418743213,88.50830299242688,33.1,276.787076939162,6909,4.42165725864814,9.666172111222991,162.69,0.33,20.77199999999999,45.27440000000001,0.05254016500217108,0.007526414821247648,0.0010131712259371835,0.00014473874656245476,33.1,5.626854909940715,10.23923545232146,0.00998697351280938,"(221.794, 295.167]","(0.009000000000000001, 61.12]"
25.394298870547328,94.14896367107274,1356.59,385.4466754411747,6909,3.37067158778405,5.909641152638449,69.97,0.76,14.841999999999988,28.4476,0.026487190620929222,0.0008684324793747286,0.0,0.0,1356.59,5.956993890698369,8.439739921076713,0.0008684324793747286,"(369.067, 465.677]","(1013.903, 4872.69]"
25.39806145869454,93.07768518883302,542.08,314.5774099806799,6909,4.208449848024316,6.732395820835317,63.68,1.1,17.22,29.9276,0.03517151541467651,0.001881603705311912,0.0,0.0,542.08,5.754404008401906,7.111310332648817,0.001881603705311912,"(295.167, 369.067]","(440.154, 578.224]"
25.400019546587075,91.8229203087612,1224.61,233.1092084453399,6909,8.033012013315965,14.652228047055058,243.95,1.4,36.54399999999998,68.15720000000003,0.1270806194818353,0.02243450571718049,0.002315819944999276,0.000578954986249819,1224.6100000000001,5.455787709243705,8.484637070426615,0.0288030105659285,"(221.794, 295.167]","(1013.903, 4872.69]"
25.437184830609244,93.6161274565434,934.65,353.98455931845234,6909,3.579824866116659,6.099103509546576,66.36,0.82,15.265999999999995,28.70200000000001,0.026631929367491678,0.001157909972499638,0.0,0.0,934.65,5.872074293651887,8.017708423101457,0.001157909972499638,"(295.167, 369.067]","(578.224, 1013.903]"
25.44045868845418,92.1869719749976,1224.61,257.1922030345234,6909,8.033012013315965,14.652228047055058,243.95,1.4,36.54399999999998,68.15720000000003,0.1270806194818353,0.02243450571718049,0.002315819944999276,0.000578954986249819,1224.6100000000001,5.553704280568999,8.484637070426615,0.0288030105659285,"(221.794, 295.167]","(1013.903, 4872.69]"
25.44270294272125,89.95029401722446,150.35,213.69991496637078,6909,5.852257924446374,11.436458492777925,167.38,0.83,27.025999999999996,53.06480000000001,0.08293530178028659,0.011579099724996381,0.0014473874656245477,0.00014473874656245476,150.35,5.369241308826766,9.067404686818426,0.01490809089593284,"(129.905, 221.794]","(109.578, 172.721]"
25.446661519336924,80.56185286263191,120.73,792.3411158236607,6909,2.332644376899696,6.29828634733554,80.13,0.0,14.005999999999966,31.713600000000003,0.029237226805615864,0.001881603705311912,0.0,0.0,120.73,6.676253287811051,13.595551348722514,0.001881603705311912,"(777.409, 938.263]","(109.578, 172.721]"
25.45043490354728,75.74831252640114,304.47,455.27738358641153,6909,1.9008033000434215,6.126350778598351,97.55,0.0,11.585999999999995,30.80960000000001,0.025039803155304675,0.0026052974381241857,0.0,0.0,304.46999999999997,6.123100921915176,16.208717540935805,0.0026052974381241857,"(369.067, 465.677]","(282.49, 359.084]"
25.456428539712164,84.56299399259463,68.82,478.5170301895484,6909,2.6347459834997826,7.09146222108002,104.99,0.01,15.37399999999995,35.4684,0.03386886669561442,0.004197423650311188,0.00014473874656245476,0.0,68.82,6.172779410250769,13.461785978738147,0.004486901143436098,"(465.677, 607.151]","(61.12, 109.578]"
25.47391160635021,85.18693625276262,59.4,437.2229773708639,6909,2.6886003763207413,7.4827849984217485,127.9,0.01,15.577999999999983,37.4052,0.03560573165436387,0.005210594876248371,0.00014473874656245476,0.0,59.4,6.082727861594197,13.912512404939601,0.005500072369373281,"(369.067, 465.677]","(0.009000000000000001, 61.12]"
25.490173443670667,74.70203348038577,382.75,400.0867140454328,6909,1.759665653495441,5.5997455987955735,94.65,0.0,11.035999999999994,27.413600000000006,0.02156607323780576,0.001881603705311912,0.0,0.0,382.75,5.994177648431423,15.578859749114995,0.001881603705311912,"(369.067, 465.677]","(359.084, 440.154]"
25.49250229498024,86.69805878447569,41.49,362.1903837970188,6909,2.9791952525691126,7.281627345897138,112.99,0.11,15.517999999999983,35.31880000000001,0.03285569546967723,0.0034737299174989146,0.0002894774931249095,0.0,41.49,5.89492717004684,11.855143805831123,0.004052684903748734,"(295.167, 369.067]","(0.009000000000000001, 61.12]"
25.50487862579576,84.1099924777931,68.82,515.7757952807498,6909,2.6347459834997826,7.09146222108002,104.99,0.01,15.37399999999995,35.4684,0.03386886669561442,0.004197423650311188,0.00014473874656245476,0.0,68.82,6.247609115614501,13.461785978738147,0.004486901143436098,"(465.677, 607.151]","(61.12, 109.578]"
25.51011907775245,86.0995816695271,56.32,388.82069513315514,6909,2.759623679258938,6.954105861682738,107.08,0.05,14.777999999999956,34.0784,0.033145172962802144,0.00303951367781155,0.00014473874656245476,0.0,56.32,5.965686877334633,12.34892565504644,0.0033289911709364598,"(369.067, 465.677]","(0.009000000000000001, 61.12]"
25.52504100010824,78.65284260935222,221.79,686.2787808596114,6909,2.1380040526849036,6.1742978682266845,81.06,0.0,13.067999999999984,31.138800000000032,0.026197713127804313,0.0021710811984368217,0.0,0.0,221.79,6.532740004465481,14.564418339842542,0.0021710811984368217,"(607.151, 777.409]","(172.721, 222.892]"
25.53695138623866,81.45045150989625,107.05,727.7055868831274,6909,2.3269879866840353,6.581718005364776,89.93,0.0,13.81,34.137600000000006,0.030105659284990594,0.002460558691561731,0.0,0.0,107.05,6.5912697915648195,14.670288598420125,0.002460558691561731,"(607.151, 777.409]","(61.12, 109.578]"
25.5619859409016,87.6473093637812,49.06,349.3509069984527,6909,3.2991561731075407,7.349557967206656,133.76,0.17,16.703999999999976,34.95960000000001,0.03502677666811405,0.0036184686640613694,0.0002894774931249095,0.0,49.06,5.858935243648507,10.596524556322024,0.004197423650311188,"(295.167, 369.067]","(0.009000000000000001, 61.12]"
25.57396114436428,91.26056704138416,1021.1,228.1175114394939,6909,8.056540743957157,14.645696241640426,248.94,1.46,36.57999999999997,67.49160000000006,0.12548849326964828,0.023737154436242584,0.002315819944999276,0.0004342162396873643,1021.1,5.434235022328405,8.377242015859029,0.029671443045303225,"(221.794, 295.167]","(1013.903, 4872.69]"
25.57782891881703,71.60969193104937,107.98,295.55860828085514,6909,0.9340165002171081,4.403854947244433,118.28,0.0,4.857999999999984,19.11200000000001,0.009552757273122015,0.0013026487190620929,0.00014473874656245476,0.0,107.98,5.6922448659560105,20.462143370501636,0.0015921262121870025,"(295.167, 369.067]","(61.12, 109.578]"
25.602915698581707,90.20096063825667,150.35,225.9492919430161,6909,5.852257924446374,11.436458492777925,167.38,0.83,27.025999999999996,53.06480000000001,0.08293530178028659,0.011579099724996381,0.0014473874656245477,0.00014473874656245476,150.35,5.4247266090166475,9.067404686818426,0.01490809089593284,"(221.794, 295.167]","(109.578, 172.721]"
25.60418150151713,83.50927949057055,70.92,569.5859746861638,6909,2.4204457953394125,6.180339337716095,68.25,0.0,14.51,30.709200000000003,0.027066145607179043,0.002026342451874367,0.0,0.0,70.92,6.346663858537181,12.687409638224969,0.002026342451874367,"(465.677, 607.151]","(61.12, 109.578]"
25.60658531788645,73.420117020556,242.92,372.40966613556094,6909,1.2408843537414966,4.6703262945781905,102.11,0.0,7.777999999999984,23.720400000000026,0.014039658416558113,0.001157909972499638,0.00014473874656245476,0.0,242.92000000000002,5.922676117584458,19.115706320877006,0.0014473874656245477,"(369.067, 465.677]","(222.892, 282.49]"
25.633752097021542,90.64838558309415,344.29,225.56223508163876,6909,6.718778404979013,12.080280090531138,177.78,1.22,29.419999999999973,55.067600000000006,0.10348820379215516,0.013605442176870748,0.0015921262121870025,0.00014473874656245476,344.29,5.4230196757534745,8.196072036416563,0.017223910840932118,"(221.794, 295.167]","(282.49, 359.084]"
25.65077997256572,94.3786478777685,1356.59,421.8093287137221,6909,3.37067158778405,5.909641152638449,69.97,0.76,14.841999999999988,28.4476,0.026487190620929222,0.0008684324793747286,0.0,0.0,1356.59,6.046921317881628,8.439739921076713,0.0008684324793747286,"(369.067, 465.677]","(1013.903, 4872.69]"
25.75527937198836,85.39726165999474,52.99,449.2287071948591,6909,2.8416167317991023,7.491191084743415,105.52,0.04,15.95399999999998,36.66400000000004,0.03589520914748878,0.004776378636561007,0.0002894774931249095,0.0,52.99,6.1097556918658675,12.90250957745365,0.005355333622810827,"(369.067, 465.677]","(0.009000000000000001, 61.12]"
25.75921981281175,76.91874146419299,275.97,561.4146529559035,6909,1.867089303806629,5.106429805349613,73.95,0.0,12.005999999999995,25.894400000000005,0.017368649587494574,0.000578954986249819,0.0,0.0,275.97,6.332239394488312,13.868852485177836,0.000578954986249819,"(465.677, 607.151]","(222.892, 282.49]"
25.764184608634533,89.89512014870114,79.21,249.74480543298097,6909,5.784384136633377,11.579501714048101,174.41,0.74,26.54199999999999,53.45280000000001,0.08264582428716168,0.01273700969749602,0.001157909972499638,0.0004342162396873643,79.21000000000001,5.524435710507746,9.240878457673128,0.016355478361557388,"(221.794, 295.167]","(61.12, 109.578]"
25.76992265422588,94.13157542086353,997.11,415.04719284237734,6909,3.945090461716602,6.338316388617788,60.83,0.98,16.825999999999993,28.686000000000003,0.03372412794905196,0.0007236937328122738,0.0,0.0,997.11,6.03079869815958,7.271314310040876,0.0007236937328122738,"(369.067, 465.677]","(578.224, 1013.903]"
25.773655018702453,87.41063230330177,48.75,375.2786151966168,6909,3.603053987552468,7.867177829114668,139.25,0.22,18.07199999999999,38.48360000000001,0.04284266898248661,0.0039079461571862786,0.0002894774931249095,0.0,48.75,5.930329866849867,10.680825058998522,0.004486901143436098,"(369.067, 465.677]","(0.009000000000000001, 61.12]"
25.77728938943297,85.92595561317357,52.99,423.2261619061262,6909,2.8416167317991023,7.491191084743415,105.52,0.04,15.95399999999998,36.66400000000004,0.03589520914748878,0.004776378636561007,0.0002894774931249095,0.0,52.99,6.050266713746355,12.90250957745365,0.005355333622810827,"(369.067, 465.677]","(0.009000000000000001, 61.12]"
25.7795339900938,86.93524405067647,52.1,385.4143514954761,6909,3.061280937907078,7.133260267951312,110.25,0.17,15.915999999999995,33.31560000000003,0.03502677666811405,0.003763207410623824,0.0002894774931249095,0.0,52.1,5.956910243200072,10.882891767485185,0.004342162396873643,"(369.067, 465.677]","(0.009000000000000001, 61.12]"
25.797871514449835,82.49213303284601,88.27,665.3895291550763,6909,2.3607801418439713,6.426101663115024,93.1,0.0,14.241999999999988,31.856,0.028947749312490955,0.0027500361846866405,0.0,0.0,88.27,6.501874378176783,13.493838727938053,0.0027500361846866405,"(607.151, 777.409]","(61.12, 109.578]"
25.813903600061987,94.84192022982424,1466.62,467.39136023214456,6909,3.8522304240845275,6.6484535420245,95.46,0.78,17.32199999999999,30.357200000000013,0.03589520914748878,0.0008684324793747286,0.0,0.0,1466.6200000000001,6.149304186276214,7.880419595303603,0.0008684324793747286,"(465.677, 607.151]","(1013.903, 4872.69]"
25.81968162924701,79.87707205732883,123.21,809.5883680566851,6909,2.0184397163120567,5.500081988389031,68.15,0.0,11.635999999999912,26.459200000000003,0.020842379504993486,0.0013026487190620929,0.0,0.0,123.21000000000001,6.69776036429688,13.108732788716363,0.0013026487190620929,"(777.409, 938.263]","(109.578, 172.721]"
25.82123451893093,93.9141191124236,504.47,405.8960791170577,6909,3.8572412794905198,6.154227888697349,58.41,0.94,16.6,28.026800000000005,0.02851353307280359,0.000578954986249819,0.0,0.0,504.46999999999997,6.008557818974631,7.266020117279721,0.000578954986249819,"(369.067, 465.677]","(440.154, 578.224]"
25.831366791670387,86.61716937164846,52.1,400.36343328382634,6909,3.061280937907078,7.133260267951312,110.25,0.17,15.915999999999995,33.31560000000003,0.03502677666811405,0.003763207410623824,0.0002894774931249095,0.0,52.1,5.99486733426495,10.882891767485185,0.004342162396873643,"(369.067, 465.677]","(0.009000000000000001, 61.12]"
25.83899791598692,80.92034380576868,115.94,790.2207935254443,6909,2.2167375886524825,6.177814276855832,76.44,0.0,13.067999999999984,31.868000000000027,0.025908235634679404,0.0017368649587494573,0.0,0.0,115.94,6.673577060960944,14.376074907132843,0.0017368649587494573,"(777.409, 938.263]","(109.578, 172.721]"
25.85207580165663,92.58638397197792,363.4,317.58741646651373,6909,4.467260095527573,7.621273289156051,91.96,0.84,19.729999999999947,35.508800000000015,0.04790852511217253,0.0028947749312490953,0.0,0.0,363.3999999999999,5.763896900357321,7.948673525160613,0.0028947749312490953,"(295.167, 369.067]","(359.084, 440.154]"
25.8689231954775,90.70552296245263,130.31,251.8473805676424,6909,5.863797944709799,11.00612899303827,150.34,0.87,27.123999999999977,50.94400000000002,0.08698798668403532,0.010855405992184108,0.0008684324793747286,0.00014473874656245476,130.31,5.532786067842679,8.687883142030417,0.01302648719062093,"(221.794, 295.167]","(109.578, 172.721]"
25.875775722260467,81.83086703602835,99.76,722.9994650954446,6909,2.362938196555218,6.690673057139249,102.65,0.0,14.001999999999962,33.4092,0.029960920538428137,0.0026052974381241857,0.00014473874656245476,0.0,99.76,6.584790653566997,14.138831861905372,0.0028947749312490953,"(607.151, 777.409]","(61.12, 109.578]"
25.87782408565466,87.96078229959438,49.81,354.338440784109,6909,4.506284556375742,9.824069311098373,168.69,0.29,22.385999999999996,46.4076,0.05963236358373136,0.008105369807497468,0.0007236937328122738,0.0002894774931249095,49.81,5.873070689643241,10.298415273381858,0.010421189752496743,"(295.167, 369.067]","(0.009000000000000001, 61.12]"
25.87833355624664,84.09855303826774,62.08,544.6224036361602,6909,2.7408539586047187,7.33852185820507,94.92,0.01,15.995999999999995,36.74800000000001,0.037197857866550874,0.004197423650311188,0.0,0.0,62.08,6.3019271680692075,13.407495308948139,0.004197423650311188,"(465.677, 607.151]","(61.12, 109.578]"
25.882566512646964,91.86326549498789,400.01,282.0513638001175,6909,5.423961499493415,10.703314365230504,187.59,0.7,25.325999999999993,51.22280000000001,0.07425097698653929,0.010855405992184108,0.0008684324793747286,0.00014473874656245476,400.01,5.645628378701471,9.443796856040965,0.01302648719062093,"(221.794, 295.167]","(359.084, 440.154]"
25.90808167834885,84.77993345479769,57.34,500.43331686523993,6909,2.7977189173541754,7.7251025449363775,119.8,0.02,16.16799999999998,37.48640000000001,0.036618902880301056,0.005355333622810827,0.0004342162396873643,0.0,57.339999999999996,6.2174706311936285,13.398910937250351,0.0062237661021855555,"(465.677, 607.151]","(0.009000000000000001, 61.12]"
25.91486419189683,78.66471079345155,177.26,710.2180080044986,6909,2.013391228831958,6.322462352847317,103.46,0.0,12.24,33.05600000000002,0.025039803155304675,0.0028947749312490953,0.00014473874656245476,0.0,177.26,6.566979004470387,16.418062773182054,0.003184252424374005,"(607.151, 777.409]","(172.721, 222.892]"
25.96309927936819,92.97629890504386,217.14,351.53192766254244,6909,3.907714575191779,6.234939791667938,61.8,0.96,16.625999999999994,27.48960000000001,0.030250398031553046,0.0007236937328122738,0.0,0.0,217.14000000000001,5.865141193079861,7.0346982709075245,0.0007236937328122738,"(295.167, 369.067]","(172.721, 222.892]"
26.01234228043691,94.51048296185544,997.11,460.0869569050139,6909,3.945090461716602,6.338316388617788,60.83,0.98,16.825999999999993,28.686000000000003,0.03372412794905196,0.0007236937328122738,0.0,0.0,997.11,6.133586651900875,7.271314310040876,0.0007236937328122738,"(369.067, 465.677]","(578.224, 1013.903]"
26.023196321767333,83.0263010259439,79.22,636.3787904475079,6909,2.4214806773773336,6.643340544408324,97.93,0.0,14.427999999999983,32.70200000000002,0.028947749312490955,0.0028947749312490953,0.0,0.0,79.22,6.4573641263237205,13.504954551388144,0.0028947749312490953,"(607.151, 777.409]","(61.12, 109.578]"
26.027882962511583,78.15632680130582,255.54,675.8454056298275,6909,1.9846620350267767,6.258191957760281,96.35,0.0,12.097999999999983,32.00240000000003,0.026197713127804313,0.002460558691561731,0.0,0.0,255.54,6.517442894738221,16.124853154010733,0.002460558691561731,"(607.151, 777.409]","(222.892, 282.49]"
26.03964756015589,83.49865035717434,69.95,601.03443246818,6909,2.58559704732957,6.755521748689379,94.84,0.0,15.079999999999973,33.915200000000006,0.032276740483427414,0.0028947749312490953,0.0,0.0,69.95,6.400314640464144,13.11696535160519,0.0028947749312490953,"(465.677, 607.151]","(61.12, 109.578]"
26.045857334447337,90.59837707435824,130.31,271.387290519432,6909,5.863797944709799,11.00612899303827,150.34,0.87,27.123999999999977,50.94400000000002,0.08698798668403532,0.010855405992184108,0.0008684324793747286,0.00014473874656245476,130.31,5.607224915769216,8.687883142030417,0.01302648719062093,"(221.794, 295.167]","(109.578, 172.721]"
26.06400347767896,93.45074033722152,504.47,391.90542428211523,6909,3.8572412794905198,6.154227888697349,58.41,0.94,16.6,28.026800000000005,0.02851353307280359,0.000578954986249819,0.0,0.0,504.46999999999997,5.973568932226599,7.266020117279721,0.000578954986249819,"(369.067, 465.677]","(440.154, 578.224]"
26.08277409415629,86.0314054847592,49.9,448.62201572098695,6909,2.8531060935012302,6.8593348279887865,97.01,0.09,15.051999999999989,34.9376,0.031118830510927776,0.0027500361846866405,0.0,0.0,49.9,6.10840726473157,12.245456919433696,0.0027500361846866405,"(369.067, 465.677]","(0.009000000000000001, 61.12]"
26.10525709835203,79.38522992747909,142.66,782.3928573199673,6909,2.0086380083948474,5.763450493661448,96.27,0.0,11.95199999999999,29.9384,0.022579244463742945,0.0014473874656245477,0.0,0.0,142.66,6.663634303651191,14.904818573609456,0.0014473874656245477,"(777.409, 938.263]","(109.578, 172.721]"
26.122086347481247,75.66341256581431,306.82,509.7518651304432,6909,1.6872340425531915,5.147114502474718,75.39,0.0,11.065999999999995,25.872800000000005,0.017513388334057026,0.0008684324793747286,0.0,0.0,306.82,6.235883885439362,15.334437317546612,0.0008684324793747286,"(465.677, 607.151]","(282.49, 359.084]"
26.12698195537825,91.29781851944566,173.99,288.47969284064726,6909,5.708263135041251,11.382601634543095,202.02,0.73,26.775999999999996,54.11720000000006,0.08163265306122448,0.011434360978433927,0.0010131712259371835,0.0002894774931249095,173.99,5.668085148924569,9.480500327199554,0.014329135909683021,"(221.794, 295.167]","(172.721, 222.892]"
26.1278413523251,84.39074840216297,62.08,544.3791259816417,6909,2.7408539586047187,7.33852185820507,94.92,0.01,15.995999999999995,36.74800000000001,0.037197857866550874,0.004197423650311188,0.0,0.0,62.08,6.301481196818121,13.407495308948139,0.004197423650311188,"(465.677, 607.151]","(61.12, 109.578]"
26.1333873581587,91.86209757898035,400.01,307.2232494410988,6909,5.423961499493415,10.703314365230504,187.59,0.7,25.325999999999993,51.22280000000001,0.07425097698653929,0.010855405992184108,0.0008684324793747286,0.00014473874656245476,400.01,5.730824356254666,9.443796856040965,0.01302648719062093,"(295.167, 369.067]","(359.084, 440.154]"
26.139446862495223,90.13868745714969,79.21,285.84066537772674,6909,5.784384136633377,11.579501714048101,174.41,0.74,26.54199999999999,53.45280000000001,0.08264582428716168,0.01273700969749602,0.001157909972499638,0.0004342162396873643,79.21000000000001,5.658926888694178,9.240878457673128,0.016355478361557388,"(221.794, 295.167]","(61.12, 109.578]"
26.151745937623087,85.33117347503807,52.99,489.48233434011667,6909,2.8416167317991023,7.491191084743415,105.52,0.04,15.95399999999998,36.66400000000004,0.03589520914748878,0.004776378636561007,0.0002894774931249095,0.0,52.99,6.19538926274036,12.90250957745365,0.005355333622810827,"(465.677, 607.151]","(0.009000000000000001, 61.12]"
26.1747870500721,94.90891009221156,1466.62,500.2167136999635,6909,3.8522304240845275,6.6484535420245,95.46,0.78,17.32199999999999,30.357200000000013,0.03589520914748878,0.0008684324793747286,0.0,0.0,1466.6200000000001,6.21703856983215,7.880419595303603,0.0008684324793747286,"(465.677, 607.151]","(1013.903, 4872.69]"
26.208380780665955,81.09439503915993,110.33,802.918944756684,6909,2.3601881603705315,6.476782541930318,77.55,0.0,13.707999999999984,33.57040000000004,0.02981618179186568,0.0017368649587494573,0.0,0.0,110.33,6.689498449117546,14.223605702319956,0.0017368649587494573,"(777.409, 938.263]","(109.578, 172.721]"
26.228986022065143,76.3043570444569,267.76,557.3813188794106,6909,1.876113764654798,5.679820553177479,81.04,0.0,11.96,28.380800000000015,0.02214502822405558,0.002026342451874367,0.0,0.0,267.76,6.325042096159692,15.127432785393614,0.002026342451874367,"(465.677, 607.151]","(222.892, 282.49]"
26.24412189003362,82.29310721800314,88.27,709.8390037022103,6909,2.3607801418439713,6.426101663115024,93.1,0.0,14.241999999999988,31.856,0.028947749312490955,0.0027500361846866405,0.0,0.0,88.27,6.566445967738185,13.493838727938053,0.0027500361846866405,"(607.151, 777.409]","(61.12, 109.578]"
26.249171452614103,89.42185654745269,38.86,315.2582699408017,6909,5.6770169344333485,12.387211885665756,172.23,0.55,27.797999999999984,58.83840000000001,0.08047474308872485,0.014329135909683021,0.002315819944999276,0.0007236937328122738,38.86,5.756559189710265,10.364314624254037,0.021131856998118394,"(295.167, 369.067]","(0.009000000000000001, 61.12]"
26.264585128790213,87.37056157094644,296.16,425.96004265796427,6909,3.714706904038211,8.046241876071086,126.71,0.3,17.945999999999994,40.9468,0.04168475900998697,0.005210594876248371,0.00014473874656245476,0.0,296.16,6.056690431936599,11.022885529031035,0.005500072369373281,"(369.067, 465.677]","(282.49, 359.084]"
26.26663963228212,94.21586410426248,482.6,463.176923812786,6909,4.772043711101462,7.647282165188674,76.47,1.06,20.155999999999995,34.88440000000001,0.05138225502967144,0.0015921262121870025,0.0,0.0,482.6000000000001,6.14026578087004,7.310157827911077,0.0015921262121870025,"(369.067, 465.677]","(440.154, 578.224]"
26.27579353290489,86.78999146995695,209.98,442.41710094912776,6909,3.01456506006658,6.748974903589208,88.18,0.2,15.12,32.59440000000004,0.030829353017802867,0.0027500361846866405,0.0,0.0,209.98,6.09451086420829,10.812302451013517,0.0027500361846866405,"(369.067, 465.677]","(172.721, 222.892]"
26.29346080479638,92.29579977140136,173.86,342.49264184818895,6909,4.480518164712694,8.025336873055451,82.95,0.64,21.263999999999978,37.37040000000001,0.056013894919669995,0.0033289911709364598,0.0,0.0,173.85999999999999,5.839165690321438,8.34064058788516,0.0033289911709364598,"(295.167, 369.067]","(172.721, 222.892]"
26.29879046762088,81.622183911995,103.67,768.7303864678598,6909,2.547684180055001,7.209356255869291,98.24,0.0,14.749999999999918,36.28280000000001,0.03256621797655232,0.003763207410623824,0.0,0.0,103.67,6.646040306087461,14.24147704121618,0.003763207410623824,"(607.151, 777.409]","(61.12, 109.578]"
26.309070630739487,87.94384159700535,273.24,392.7469278073142,6909,4.66549138804458,9.84250259061171,166.2,0.42,22.391999999999964,47.14960000000001,0.06252713851498046,0.008684324793747287,0.000578954986249819,0.00014473874656245476,273.24,5.975708387715281,10.106028705742148,0.01027645100593429,"(369.067, 465.677]","(222.892, 282.49]"
26.32837421495281,92.75156535773152,173.86,370.078177644526,6909,4.480518164712694,8.025336873055451,82.95,0.64,21.263999999999978,37.37040000000001,0.056013894919669995,0.0033289911709364598,0.0,0.0,173.85999999999999,5.916412761822613,8.34064058788516,0.0033289911709364598,"(369.067, 465.677]","(172.721, 222.892]"
26.33512797644364,74.71647052445267,394.76,485.6456069097452,6909,1.4098827616152843,4.3729946351989035,71.21,0.0,9.18,21.593600000000006,0.012881748444058474,0.0004342162396873643,0.0,0.0,394.76,6.187536151624823,15.315872547720188,0.0004342162396873643,"(465.677, 607.151]","(359.084, 440.154]"
26.34776418054209,91.3986976623478,61.12,314.69699517063043,6909,5.309449992763063,11.183058224094225,208.61,0.49,25.779999999999973,51.8868,0.07497467071935157,0.011000144738746562,0.001157909972499638,0.0002894774931249095,61.12,5.754782877528882,9.772535817869537,0.014184397163120565,"(295.167, 369.067]","(0.009000000000000001, 61.12]"
26.349822514304805,78.71954957133822,150.17,742.3272052116417,6909,1.8790056448111159,5.871850855146182,82.17,0.0,11.955999999999994,29.463200000000015,0.023737154436242584,0.002460558691561731,0.0,0.0,150.17,6.6111363316421725,15.680200004275003,0.002460558691561731,"(607.151, 777.409]","(109.578, 172.721]"
26.350512906460075,90.6308681371534,102.2,305.2625048298456,6909,5.675301780286583,10.939896504898785,154.95,0.75,26.963999999999952,49.80960000000001,0.08293530178028659,0.009842234766246924,0.0010131712259371835,0.0004342162396873643,102.2,5.7244425931227845,8.776553767847572,0.013171225937183383,"(295.167, 369.067]","(61.12, 109.578]"
26.351428742172327,86.2299690738197,132.65,468.0534654283036,6909,2.938190765667969,6.5098340110381825,78.88,0.12,14.961999999999989,31.907600000000002,0.03242147922998987,0.002026342451874367,0.0,0.0,132.65,6.150716760729943,10.859604322914615,0.002026342451874367,"(465.677, 607.151]","(109.578, 172.721]"
26.370659908535053,94.0054618384534,264.83,455.131791358296,6909,4.753850050658561,7.71022237837593,68.89,0.96,20.67,34.85040000000003,0.05398755246779563,0.002026342451874367,0.0,0.0,264.83,6.122781783893882,7.33098273980884,0.002026342451874367,"(369.067, 465.677]","(222.892, 282.49]"
26.37383988382612,91.04966628027194,61.12,310.8382774993995,6909,5.309449992763063,11.183058224094225,208.61,0.49,25.779999999999973,51.8868,0.07497467071935157,0.011000144738746562,0.001157909972499638,0.0002894774931249095,61.12,5.742484712076087,9.772535817869537,0.014184397163120565,"(295.167, 369.067]","(0.009000000000000001, 61.12]"
26.38780553280038,77.85500130212108,177.63,677.686070488495,6909,1.8787899840787379,5.861044544327294,82.37,0.0,11.8,29.363600000000005,0.023737154436242584,0.002026342451874367,0.0,0.0,177.63,6.520158679686653,15.628987071384314,0.002026342451874367,"(607.151, 777.409]","(172.721, 222.892]"
26.404801427635466,82.56740555964204,91.32,698.6313238929546,6909,2.633786365610074,6.944173780975484,79.85,0.0,15.735999999999995,35.272800000000046,0.03386886669561442,0.003184252424374005,0.0,0.0,91.32000000000001,6.550553516145773,13.39242509116892,0.003184252424374005,"(607.151, 777.409]","(61.12, 109.578]"
26.420591368889284,84.37470409621025,71.95,570.1181674323425,6909,2.9964235055724417,7.495150121979991,89.53,0.03,17.28,37.44840000000002,0.039368939064987694,0.003763207410623824,0.0,0.0,71.95,6.347596136462944,12.497695146451159,0.003763207410623824,"(465.677, 607.151]","(61.12, 109.578]"
26.4282860972107,83.76408772712534,75.69,611.4607449270445,6909,2.934185844550586,8.078315073549044,125.78,0.01,17.447999999999983,38.95440000000001,0.04009263279779997,0.005065856129685917,0.00014473874656245476,0.0,75.69,6.417484850450006,13.276046163299613,0.005355333622810827,"(607.151, 777.409]","(61.12, 109.578]"
26.437223908585107,92.0067277176167,139.48,343.87719820066656,6909,5.044469532493848,10.282163539630595,183.78,0.46,23.93599999999994,46.9992,0.07019829208279056,0.008684324793747287,0.0010131712259371835,0.00014473874656245476,139.48,5.843188406422658,9.316973842399449,0.011144883485309018,"(295.167, 369.067]","(109.578, 172.721]"
26.44611724588328,80.26222283293642,130.11,876.9488851358324,6909,2.017721812129107,5.903757537400354,90.81,0.0,11.37199999999999,28.354800000000015,0.023158199449992763,0.0026052974381241857,0.0,0.0,130.11,6.777588374555262,14.052871796636897,0.0026052974381241857,"(777.409, 938.263]","(109.578, 172.721]"
26.456533291132622,79.85364712420795,130.11,842.67129517079,6909,2.017721812129107,5.903757537400354,90.81,0.0,11.37199999999999,28.354800000000015,0.023158199449992763,0.0026052974381241857,0.0,0.0,130.11,6.737762958038327,14.052871796636897,0.0026052974381241857,"(777.409, 938.263]","(109.578, 172.721]"
26.48371226108201,94.51738784076136,482.6,500.66111220403326,6909,4.772043711101462,7.647282165188674,76.47,1.06,20.155999999999995,34.88440000000001,0.05138225502967144,0.0015921262121870025,0.0,0.0,482.6000000000001,6.2179248164350325,7.310157827911077,0.0015921262121870025,"(465.677, 607.151]","(440.154, 578.224]"
26.49382555484232,90.13077458024684,171.83,324.91401896312027,6909,5.449303806629034,10.63911168224476,145.03,0.77,25.115999999999996,48.68800000000003,0.07251411202778985,0.009552757273122015,0.0013026487190620929,0.0,171.82999999999998,5.786633601067843,8.934717680092234,0.0121580547112462,"(295.167, 369.067]","(109.578, 172.721]"
26.49652564242444,85.27254514018655,68.41,525.0916983046816,6909,3.032483716891012,7.560250223141503,102.03,0.03,16.885999999999996,37.20600000000002,0.03980315530467506,0.004342162396873643,0.00014473874656245476,0.0,68.41,6.265475528921483,12.269146747141614,0.004631639889998553,"(465.677, 607.151]","(61.12, 109.578]"
26.513575844155472,77.05854552823986,278.19,630.5317479420455,6909,1.7225199015776522,4.78621724744484,72.72,0.0,10.935999999999995,24.321200000000005,0.017513388334057026,0.000578954986249819,0.0,0.0,278.19,6.448148214385996,14.119538391507636,0.000578954986249819,"(607.151, 777.409]","(222.892, 282.49]"
26.569499367305312,80.62013216791391,122.53,864.9323089604671,6909,2.311916341004487,7.0354748567729555,95.51,0.0,13.66,35.93080000000002,0.029092488059053408,0.003763207410623824,0.0,0.0,122.53,6.763806740334708,15.541559104526083,0.003763207410623824,"(777.409, 938.263]","(109.578, 172.721]"
26.574082753548616,85.59994687973035,76.21,516.6763658119206,6909,3.0593399913156754,7.226274685446532,95.02,0.07,16.557999999999957,35.69840000000001,0.03690838037342597,0.0026052974381241857,0.0,0.0,76.21000000000001,6.249350270580498,11.66865677978833,0.0026052974381241857,"(465.677, 607.151]","(61.12, 109.578]"
26.58753053172171,94.80848114448304,1061.29,527.6742583421101,6909,4.596740483427413,7.70409812055516,92.08,0.85,20.039999999999974,35.808000000000014,0.050224345057171806,0.0017368649587494573,0.0,0.0,1061.29,6.270372473465401,7.7898659581136425,0.0017368649587494573,"(465.677, 607.151]","(1013.903, 4872.69]"
26.62720665021192,88.72897796409531,139.31,381.89421674403434,6909,5.364954407294833,11.133734099122318,171.75,0.52,26.167999999999957,53.55560000000001,0.07569836445216384,0.0121580547112462,0.000578954986249819,0.0002894774931249095,139.31,5.947758754540598,9.982487445688632,0.014184397163120567,"(369.067, 465.677]","(109.578, 172.721]"
26.62913350196577,89.44755750923281,180.36,354.5247085989633,6909,5.464491243305833,11.252596125443691,165.41,0.66,25.425999999999995,54.00360000000003,0.0761325806918512,0.012013315964683746,0.0014473874656245477,0.00014473874656245476,180.35999999999999,5.873594750622571,9.882638238924404,0.015342307135620206,"(295.167, 369.067]","(172.721, 222.892]"
26.632655799331385,91.4570431524676,61.12,346.80305968650254,6909,5.309449992763063,11.183058224094225,208.61,0.49,25.779999999999973,51.8868,0.07497467071935157,0.011000144738746562,0.001157909972499638,0.0002894774931249095,61.12,5.851636399139976,9.772535817869537,0.014184397163120565,"(295.167, 369.067]","(0.009000000000000001, 61.12]"
26.638016306459985,84.89730867904623,68.41,558.3993908564069,6909,3.032483716891012,7.560250223141503,102.03,0.03,16.885999999999996,37.20600000000002,0.03980315530467506,0.004342162396873643,0.00014473874656245476,0.0,68.41,6.326863691844147,12.269146747141614,0.004631639889998553,"(465.677, 607.151]","(61.12, 109.578]"
26.63987534111735,82.03892821065958,103.67,756.3101666351389,6909,2.547684180055001,7.209356255869291,98.24,0.0,14.749999999999918,36.28280000000001,0.03256621797655232,0.003763207410623824,0.0,0.0,103.67,6.629772900874691,14.24147704121618,0.003763207410623824,"(607.151, 777.409]","(61.12, 109.578]"
26.650016292149964,90.62567950176438,102.2,338.5696796654408,6909,5.675301780286583,10.939896504898785,154.95,0.75,26.963999999999952,49.80960000000001,0.08293530178028659,0.009842234766246924,0.0010131712259371835,0.0004342162396873643,102.2,5.82767916795846,8.776553767847572,0.013171225937183383,"(295.167, 369.067]","(61.12, 109.578]"
26.6508597795448,94.27030333360736,482.6,495.441586725596,6909,4.772043711101462,7.647282165188674,76.47,1.06,20.155999999999995,34.88440000000001,0.05138225502967144,0.0015921262121870025,0.0,0.0,482.6000000000001,6.207465826464407,7.310157827911077,0.0015921262121870025,"(465.677, 607.151]","(440.154, 578.224]"
26.65849978448604,77.6334441726212,216.53,681.9567007305819,6909,1.8130988565639024,5.656488482302169,82.07,0.0,11.441999999999988,27.97840000000002,0.023881893182805036,0.002026342451874367,0.0,0.0,216.53,6.526431461851947,15.431251565494748,0.002026342451874367,"(607.151, 777.409]","(172.721, 222.892]"
26.65865875731376,79.51712735655917,137.55,826.9492530514833,6909,1.9156144159791575,5.4089293481451435,61.5,0.0,11.651999999999934,27.664400000000008,0.020118685772181212,0.001881603705311912,0.0,0.0,137.55,6.718951863921872,14.441520865428766,0.001881603705311912,"(777.409, 938.263]","(109.578, 172.721]"
26.66663257893855,95.00255466302252,1061.29,546.7507457494138,6909,4.596740483427413,7.70409812055516,92.08,0.85,20.039999999999974,35.808000000000014,0.050224345057171806,0.0017368649587494573,0.0,0.0,1061.29,6.305820339952356,7.7898659581136425,0.0017368649587494573,"(465.677, 607.151]","(1013.903, 4872.69]"
26.6698650973632,83.3662051729532,80.94,658.4321456601898,6909,2.797474308872485,7.939661333721593,132.24,0.0,16.08,38.748400000000004,0.037487335359675786,0.005789549862498191,0.0002894774931249095,0.0,80.94,6.4913790793131945,13.85120357527568,0.00636850484874801,"(607.151, 777.409]","(61.12, 109.578]"
26.706799262858265,92.04023537413975,139.48,372.69449811456064,6909,5.044469532493848,10.282163539630595,183.78,0.46,23.93599999999994,46.9992,0.07019829208279056,0.008684324793747287,0.0010131712259371835,0.00014473874656245476,139.48,5.923438613649744,9.316973842399449,0.011144883485309018,"(369.067, 465.677]","(109.578, 172.721]"
26.71531901139344,79.09341280324445,137.55,796.40849293494,6909,1.9156144159791575,5.4089293481451435,61.5,0.0,11.651999999999934,27.664400000000008,0.020118685772181212,0.001881603705311912,0.0,0.0,137.55,6.681367085674258,14.441520865428766,0.001881603705311912,"(777.409, 938.263]","(109.578, 172.721]"
26.744118304684715,72.87937509990324,257.67,469.39254578875233,6909,0.9585337964973224,3.932592749516439,91.18,0.0,5.667999999999983,19.19520000000002,0.009552757273122015,0.0007236937328122738,0.0,0.0,257.67,6.153567549921343,20.025564090258502,0.0007236937328122738,"(465.677, 607.151]","(222.892, 282.49]"
26.75416491802278,83.04115644363716,86.0,688.1940990689111,6909,3.2664958749457234,9.339879474103702,152.85,0.02,18.895999999999994,43.73040000000001,0.04689535388623534,0.006947459834997829,0.0008684324793747286,0.00014473874656245476,86.0,6.5355229426161205,13.387552988467696,0.009118541033434652,"(607.151, 777.409]","(61.12, 109.578]"
26.76523551305104,92.702485257117,922.46,407.9828256181223,6909,4.635049934867564,8.237153328001831,82.8,0.64,21.905999999999995,37.6192,0.06050079606310609,0.003763207410623824,0.0,0.0,922.46,6.013673164007414,8.116243063696748,0.003763207410623824,"(369.067, 465.677]","(578.224, 1013.903]"
26.7937280014214,93.36003023229291,566.86,447.1377367928571,6909,5.585462440295267,9.278626403714515,82.75,0.97,24.91199999999999,43.55400000000004,0.07873787812997539,0.004921117383123462,0.0,0.0,566.86,6.105100633360815,7.797741488340603,0.004921117383123462,"(369.067, 465.677]","(440.154, 578.224]"
26.80752014355441,76.44336803564624,362.03,616.6865581733837,6909,1.594525980605008,5.100401022140441,104.37,0.0,9.775999999999994,24.71160000000002,0.016500217108119844,0.0010131712259371835,0.00014473874656245476,0.0,362.03000000000003,6.425981141372935,15.497762220758252,0.0013026487190620929,"(607.151, 777.409]","(359.084, 440.154]"
26.831777906112865,80.91676928648272,127.59,859.9395493342611,6909,2.516288898538139,7.726613299225032,104.99,0.0,14.075999999999967,39.428400000000025,0.03372412794905196,0.005644811115935736,0.0002894774931249095,0.0,127.59,6.758024292130456,15.66925973947052,0.0062237661021855555,"(777.409, 938.263]","(109.578, 172.721]"
26.83807094976761,88.30773887811262,1313.52,423.06626047225456,6909,4.038299319727892,8.006120833739054,126.55,0.47,19.40999999999997,38.560400000000044,0.04646113764654798,0.0039079461571862786,0.00014473874656245476,0.0,1313.52,6.049889717721053,9.548670714663023,0.004197423650311188,"(369.067, 465.677]","(1013.903, 4872.69]"
26.84043686651561,82.54583951549859,95.16,731.1450987813737,6909,2.989044724272688,8.079826541756491,115.05,0.0,17.54,40.3968,0.04067158778404979,0.005355333622810827,0.00014473874656245476,0.0,95.16,6.595978716696777,13.514948825290915,0.005644811115935736,"(607.151, 777.409]","(61.12, 109.578]"
26.879457044839395,95.32668357318292,846.85,585.5588202583691,6909,4.880674482558981,9.028294887630361,106.21,0.72,23.579999999999973,42.12400000000005,0.06802721088435375,0.0060790273556231,0.00014473874656245476,0.0,846.85,6.374272953360395,8.630772554030589,0.00636850484874801,"(465.677, 607.151]","(578.224, 1013.903]"
26.92411389605843,83.835576870137,95.01,647.4713244196918,6909,3.4083065566652193,9.257409747471877,116.61,0.03,19.069999999999972,43.60160000000003,0.04747430887248517,0.007526414821247648,0.0010131712259371835,0.0,95.01,6.474617784459166,12.792742226191882,0.009552757273122015,"(607.151, 777.409]","(61.12, 109.578]"
26.93369347843572,81.38862454000763,117.11,827.7339568196475,6909,2.839911709364597,7.887759901283672,103.21,0.0,16.309999999999974,40.55680000000004,0.0380662903459256,0.0060790273556231,0.00014473874656245476,0.0,117.11,6.719899183025697,14.281002323157399,0.00636850484874801,"(777.409, 938.263]","(109.578, 172.721]"
26.99617762075176,94.62313378922929,191.82,546.9716277456447,6909,5.7819525256911275,9.532933280536295,92.65,1.07,25.35199999999999,43.25280000000001,0.08293530178028659,0.005500072369373281,0.0,0.0,191.82,6.306223511420907,7.480655077529341,0.005500072369373281,"(465.677, 607.151]","(172.721, 222.892]"
27.003772533400404,79.68807649734656,136.26,862.9379343114854,6909,2.17419452887538,6.399592654082046,93.26,0.0,12.465999999999967,31.3784,0.024750325662179766,0.0033289911709364598,0.0,0.0,136.26,6.761500930936145,14.43218863403271,0.0033289911709364598,"(777.409, 938.263]","(109.578, 172.721]"
27.02372509262449,94.32870090620236,191.82,528.5603612894743,6909,5.7819525256911275,9.532933280536295,92.65,1.07,25.35199999999999,43.25280000000001,0.08293530178028659,0.005500072369373281,0.0,0.0,191.82,6.272047155313868,7.480655077529341,0.005500072369373281,"(465.677, 607.151]","(172.721, 222.892]"
27.026364684784,88.64288281831979,1212.3,425.3906978458063,6909,4.456624692430164,8.563492569766607,136.03,0.56,21.307999999999982,41.51280000000003,0.05543493993342018,0.004631639889998552,0.0002894774931249095,0.0,1212.3,6.055356057055056,9.314850037891205,0.005210594876248371,"(369.067, 465.677]","(1013.903, 4872.69]"
27.0323808983297,70.7838487019857,173.4,402.4837466848681,6909,0.6227456940222897,3.2387761252587466,72.88,0.0,2.8559999999999945,14.5,0.005789549862498191,0.000578954986249819,0.0,0.0,173.4,6.000136206068147,23.283945365241884,0.000578954986249819,"(369.067, 465.677]","(172.721, 222.892]"
27.0337904584094,95.49823724217627,846.85,609.5605138742666,6909,4.880674482558981,9.028294887630361,106.21,0.72,23.579999999999973,42.12400000000005,0.06802721088435375,0.0060790273556231,0.00014473874656245476,0.0,846.85,6.414377410463686,8.630772554030589,0.00636850484874801,"(607.151, 777.409]","(578.224, 1013.903]"
27.05322261022025,84.33641685788669,116.43,628.0908175042734,6909,3.32739325517441,7.7945855607447365,96.04,0.08,18.285999999999994,38.8952,0.0409610652771747,0.004342162396873643,0.0,0.0,116.42999999999999,6.444275630227642,11.689387255361856,0.004342162396873643,"(607.151, 777.409]","(109.578, 172.721]"
27.054297433783848,74.17586593764909,354.03,544.6387656519908,6909,1.214094659140252,3.688869698157485,57.85,0.0,8.16,18.31960000000001,0.007960631060935012,0.00014473874656245476,0.0,0.0,354.03000000000003,6.301957155420159,15.089091095979065,0.00014473874656245476,"(465.677, 607.151]","(282.49, 359.084]"
27.064308353602144,95.05668668474615,348.94,583.6011564911278,6909,5.361288174844406,9.39424337965585,112.11,0.8,24.205999999999996,43.844800000000035,0.07482993197278912,0.004776378636561007,0.00014473874656245476,0.0,348.94,6.370929830935756,8.178033038345202,0.005065856129685917,"(465.677, 607.151]","(282.49, 359.084]"
27.0681052313628,77.90323074768236,162.41,733.0333928770194,6909,1.7388406426400347,5.378760940495603,79.37,0.0,10.731999999999989,27.48,0.01852655955999421,0.0013026487190620929,0.0,0.0,162.41,6.598554521962538,15.80362427844659,0.0013026487190620929,"(607.151, 777.409]","(109.578, 172.721]"
27.10861097212009,81.9227408389679,104.78,797.6277298970383,6909,2.8396728904327686,8.09794879792088,107.92,0.0,16.067999999999984,41.278400000000005,0.0380662903459256,0.00636850484874801,0.000578954986249819,0.0,104.78,6.6828949171630745,14.536317053543476,0.007526414821247648,"(777.409, 938.263]","(61.12, 109.578]"
27.15528447245157,75.74650957172248,405.74,612.1129267356988,6909,1.4377276016789695,4.7102042961210016,91.75,0.0,8.875999999999994,23.582000000000008,0.014039658416558113,0.0010131712259371835,0.0,0.0,405.74,6.4185491387670535,16.402261158650607,0.0010131712259371835,"(607.151, 777.409]","(359.084, 440.154]"
27.156440125806604,93.15130751507223,566.86,468.21424009051253,6909,5.585462440295267,9.278626403714515,82.75,0.97,24.91199999999999,43.55400000000004,0.07873787812997539,0.004921117383123462,0.0,0.0,566.86,6.151059466042802,7.797741488340603,0.004921117383123462,"(465.677, 607.151]","(440.154, 578.224]"
27.17317100438208,94.19043850218102,191.82,531.4846360062845,6909,5.7819525256911275,9.532933280536295,92.65,1.07,25.35199999999999,43.25280000000001,0.08293530178028659,0.005500072369373281,0.0,0.0,191.82,6.277554044596979,7.480655077529341,0.005500072369373281,"(465.677, 607.151]","(172.721, 222.892]"
27.18441470161916,83.48819182162647,95.01,691.8766762365708,6909,3.4083065566652193,9.257409747471877,116.61,0.03,19.069999999999972,43.60160000000003,0.04747430887248517,0.007526414821247648,0.0010131712259371835,0.0,95.01,6.540852026985205,12.792742226191882,0.009552757273122015,"(607.151, 777.409]","(61.12, 109.578]"
27.194241071517386,78.46076219216873,153.36,782.3890051206845,6909,1.7218555507309306,5.3690995328136575,83.66,0.0,10.447999999999984,27.7184,0.0182370820668693,0.001157909972499638,0.0,0.0,153.35999999999999,6.663629386311547,16.09797284694448,0.001157909972499638,"(777.409, 938.263]","(109.578, 172.721]"
27.210642099087963,79.03520650878917,153.36,826.1409742644422,6909,1.7218555507309306,5.3690995328136575,83.66,0.0,10.447999999999984,27.7184,0.0182370820668693,0.001157909972499638,0.0,0.0,153.35999999999999,6.717975145144904,16.09797284694448,0.001157909972499638,"(777.409, 938.263]","(109.578, 172.721]"
27.252849845735213,82.8709926158152,220.17,739.0362109346989,6909,3.65831958315241,10.141272676174554,133.67,0.03,20.43,51.883200000000016,0.051961210015921265,0.011723838471558836,0.0010131712259371835,0.0,220.17000000000002,6.6066991186965405,14.18224532834456,0.013750180923433202,"(607.151, 777.409]","(172.721, 222.892]"
27.26186785790722,77.37101984696899,181.9,713.2842675958569,6909,1.6569445650600665,5.40103803100458,101.59,0.0,9.35,27.44800000000001,0.017802865827181935,0.001881603705311912,0.00014473874656245476,0.0,181.9,6.571281016993073,16.565420481393417,0.0021710811984368217,"(607.151, 777.409]","(172.721, 222.892]"
27.268002467801217,96.05908073314068,727.2,666.1220947838066,6909,4.843145172962802,9.535467020056716,124.97,0.69,23.75799999999998,45.882000000000005,0.06904038211029093,0.007381676074685193,0.0004342162396873643,0.0,727.2000000000002,6.502973079814282,9.473593891536753,0.008250108554059922,"(607.151, 777.409]","(578.224, 1013.903]"
27.27921633113332,88.67355303474595,3239.61,449.58397229873356,6909,2.8585598494717037,5.258044262727788,106.47,0.4,13.287999999999984,23.846000000000004,0.0166449558546823,0.0004342162396873643,0.00014473874656245476,0.0,3239.61,6.110544457677853,8.341959907695172,0.0007236937328122738,"(369.067, 465.677]","(1013.903, 4872.69]"
27.2987890682289,93.62532009100757,1222.86,507.73084904441026,6909,6.5469879866840355,10.762447746800264,106.82,1.22,28.78199999999999,48.456400000000045,0.10869879866840353,0.00911854103343465,0.00014473874656245476,0.0,1222.8600000000001,6.231919092892333,7.401326029195381,0.009408018526559559,"(465.677, 607.151]","(1013.903, 4872.69]"
27.3037673701042,88.37813297844664,3524.05,464.7935242884743,6909,2.874256766536402,5.371111732525033,85.92,0.36,13.355999999999995,24.61,0.020118685772181212,0.0004342162396873643,0.0,0.0,3524.0500000000006,6.143742455010266,8.562210490138487,0.0004342162396873643,"(369.067, 465.677]","(1013.903, 4872.69]"
27.33553908308713,80.100889742389,142.28,917.6556136389487,6909,2.50188884064264,7.383089890839948,124.16,0.0,14.801999999999962,35.80200000000004,0.033145172962802144,0.004052684903748734,0.000578954986249819,0.0,142.28,6.822911311795398,14.309982565341036,0.005210594876248371,"(777.409, 938.263]","(109.578, 172.721]"
27.338170280548983,92.43277833937958,2753.88,452.3301082257362,6909,3.504494138080764,5.946848753584053,55.36,0.53,15.713999999999979,26.7692,0.027210884353741496,0.0004342162396873643,0.0,0.0,2753.88,6.116620575828747,7.638532497625364,0.0004342162396873643,"(369.067, 465.677]","(1013.903, 4872.69]"
27.36344314683892,88.18686057341397,3524.05,479.62438190389923,6909,2.874256766536402,5.371111732525033,85.92,0.36,13.355999999999995,24.61,0.020118685772181212,0.0004342162396873643,0.0,0.0,3524.0500000000006,6.175086054233384,8.562210490138487,0.0004342162396873643,"(465.677, 607.151]","(1013.903, 4872.69]"
27.398127410757088,94.99826818034477,182.3,604.341520307699,6909,6.540974091764364,12.018179279733715,172.86,0.88,30.243999999999954,55.043600000000005,0.1062382399768418,0.014039658416558113,0.0010131712259371835,0.00014473874656245476,182.30000000000004,6.4057927951390585,8.415197921989416,0.016500217108119844,"(465.677, 607.151]","(172.721, 222.892]"
27.4383815465414,79.49618682974979,151.2,877.351482337547,6909,2.12044000578955,6.127534629864024,106.5,0.0,12.57599999999994,29.38720000000001,0.02518454190186713,0.002315819944999276,0.00014473874656245476,0.0,151.2,6.778046835096776,13.85900382031974,0.0026052974381241857,"(777.409, 938.263]","(109.578, 172.721]"
27.446682805819247,82.39898094765124,175.81,787.3908598697996,6909,3.323110435663627,8.919298545601064,157.03,0.01,18.33399999999998,42.62680000000004,0.04472427268779852,0.007381676074685193,0.000578954986249819,0.00014473874656245476,175.81,6.669993981946268,12.827376037568069,0.008973802286872196,"(777.409, 938.263]","(172.721, 222.892]"
27.50680848102241,80.83217081368493,136.46,909.883343804835,6909,2.7779664206107975,7.915510748669723,114.56,0.0,16.43199999999999,39.54600000000002,0.03690838037342597,0.005789549862498191,0.0004342162396873643,0.0,136.46,6.814414836156901,14.235588116186387,0.0066579823418729195,"(777.409, 938.263]","(109.578, 172.721]"
27.552271324560184,78.60205018307765,165.27,819.9217630087659,6909,1.768827616152844,5.418881294086396,89.64,0.0,10.389999999999972,27.803600000000003,0.0182370820668693,0.001881603705311912,0.0,0.0,165.27,6.710427810159787,15.718651171797585,0.001881603705311912,"(777.409, 938.263]","(109.578, 172.721]"
27.55445806781504,92.98262084695452,1755.0,497.67376846957666,6909,5.511325806918512,8.898895146996244,77.51,1.04,23.777999999999984,40.902,0.07482993197278912,0.00303951367781155,0.0,0.0,1755.0,6.211952111348278,7.421443407902188,0.00303951367781155,"(465.677, 607.151]","(1013.903, 4872.69]"
27.57006151837362,93.83220691389864,1222.86,543.9831146262942,6909,6.5469879866840355,10.762447746800264,106.82,1.22,28.78199999999999,48.456400000000045,0.10869879866840353,0.00911854103343465,0.00014473874656245476,0.0,1222.8600000000001,6.300754811846207,7.401326029195381,0.009408018526559559,"(465.677, 607.151]","(1013.903, 4872.69]"
27.571695573861923,78.11449998667621,173.45,787.8064786563897,6909,1.7661702127659573,5.394457457424588,89.52,0.0,10.54,27.444000000000035,0.018960775799681574,0.001157909972499638,0.0,0.0,173.44999999999996,6.670521016561478,15.538697382016924,0.001157909972499638,"(777.409, 938.263]","(172.721, 222.892]"
27.593987353172867,95.564647515811,226.13,659.6914186858537,6909,5.959869735128094,11.868315265865062,171.9,0.61,29.183999999999976,54.21,0.09335649153278333,0.013460703430308293,0.0013026487190620929,0.00014473874656245476,226.13,6.493286890735742,9.095834861061778,0.016500217108119844,"(607.151, 777.409]","(222.892, 282.49]"
27.597535339380347,94.73189694749064,182.3,601.933850882903,6909,6.540974091764364,12.018179279733715,172.86,0.88,30.243999999999954,55.043600000000005,0.1062382399768418,0.014039658416558113,0.0010131712259371835,0.00014473874656245476,182.30000000000004,6.401807490681344,8.415197921989416,0.016500217108119844,"(465.677, 607.151]","(172.721, 222.892]"
27.603930495789747,77.58695009708845,181.9,756.0699339957494,6909,1.6569445650600665,5.40103803100458,101.59,0.0,9.35,27.44800000000001,0.017802865827181935,0.001881603705311912,0.00014473874656245476,0.0,181.9,6.629455632255929,16.565420481393417,0.0021710811984368217,"(607.151, 777.409]","(172.721, 222.892]"
27.63491049407507,76.61416093009927,252.94,701.8179314003136,6909,1.6025401650021711,4.668896480198081,74.7,0.0,10.165999999999995,22.596000000000004,0.014184397163120567,0.0008684324793747286,0.0,0.0,252.94,6.555097870216705,14.10010581535944,0.0008684324793747286,"(607.151, 777.409]","(222.892, 282.49]"
27.659652552325284,91.94220260341214,3174.7,469.3917064924223,6909,2.9422970039079464,5.17281317062839,58.1,0.42,13.437999999999983,22.906800000000004,0.016789694601244753,0.000578954986249819,0.0,0.0,3174.6999999999994,6.153565765673089,7.785343282555098,0.000578954986249819,"(465.677, 607.151]","(1013.903, 4872.69]"
27.66041408640217,75.02791418102596,402.22,633.7760920233418,6909,1.291315675206253,3.9755127520420785,71.0,0.0,8.235999999999995,19.26,0.009263279779997104,0.0002894774931249095,0.0,0.0,402.21999999999997,6.453272325723956,14.915009129672812,0.0002894774931249095,"(607.151, 777.409]","(359.084, 440.154]"
27.678698696072203,81.89201976803349,126.73,841.520925285029,6909,3.1439513677811552,8.496282399394328,132.95,0.01,17.213999999999977,43.75920000000002,0.0409610652771747,0.006513243595310464,0.000578954986249819,0.0,126.73,6.736398499051646,13.918531479178572,0.007671153567810103,"(777.409, 938.263]","(109.578, 172.721]"
27.71121789051385,96.01431157265996,727.2,699.271308163444,6909,4.843145172962802,9.535467020056716,124.97,0.69,23.75799999999998,45.882000000000005,0.06904038211029093,0.007381676074685193,0.0004342162396873643,0.0,727.2000000000002,6.551467843043115,9.473593891536753,0.008250108554059922,"(607.151, 777.409]","(578.224, 1013.903]"
27.730578675554344,94.1184456947974,513.32,574.8772884962498,6909,6.7182645824287155,11.283529588167193,112.78,1.22,29.90199999999999,51.12640000000005,0.11014618613402807,0.010710667245621653,0.0002894774931249095,0.0,513.32,6.355894597194354,7.610059378080939,0.011289622231871473,"(465.677, 607.151]","(440.154, 578.224]"
27.7366294720493,81.47411966766386,121.68,876.5559998787364,6909,3.110875669416703,8.514243826948508,147.22,0.01,17.17,42.21880000000001,0.03980315530467506,0.006802721088435374,0.0002894774931249095,0.0,121.67999999999999,6.777140770829395,13.5713512576878,0.007381676074685193,"(777.409, 938.263]","(109.578, 172.721]"
27.750652031999746,88.52078640486823,4609.35,503.7020540887455,6909,1.6748617744970329,3.089507135738135,71.97,0.21,7.77,13.305200000000005,0.001881603705311912,0.00014473874656245476,0.0,0.0,4609.35,6.223968263258175,7.944053807032402,0.00014473874656245476,"(465.677, 607.151]","(1013.903, 4872.69]"
27.79003005175329,78.85878556727907,172.64,856.4568185994846,6909,2.063200173686496,6.068969387339052,92.54,0.0,12.435999999999995,28.17600000000002,0.0243161094224924,0.002460558691561731,0.0,0.0,172.64000000000001,6.753970820453738,13.656448221990672,0.002460558691561731,"(777.409, 938.263]","(109.578, 172.721]"
27.80351882255276,94.5663782121681,1160.05,608.4065232500434,6909,6.667734838616298,11.235075082489717,121.34,1.33,29.555999999999994,50.085600000000014,0.10652771746996671,0.010131712259371834,0.0004342162396873643,0.0,1160.05,6.412485570875747,7.511635315533718,0.011000144738746562,"(607.151, 777.409]","(1013.903, 4872.69]"
27.87773015449283,78.14190942833491,186.96,814.7359662799576,6909,2.028664061369229,6.097709483026168,100.04,0.0,12.247999999999983,28.783600000000003,0.024171370675929945,0.0027500361846866405,0.00014473874656245476,0.0,186.96,6.7040907318684555,14.188443695369198,0.00303951367781155,"(777.409, 938.263]","(172.721, 222.892]"
27.91297191471983,79.74869287374136,156.97,930.2716638519488,6909,2.9980793168331163,9.349357054495563,173.21,0.0,17.19199999999999,44.42120000000003,0.0425531914893617,0.007960631060935012,0.001157909972499638,0.0004342162396873643,156.97,6.836551032619909,14.816547692398817,0.01157909972499638,"(777.409, 938.263]","(109.578, 172.721]"
27.917265863848232,94.74079064986756,697.57,629.0087023166584,6909,7.271948183528731,13.43278806037325,168.33,1.12,33.48799999999987,62.79280000000001,0.11984368215371255,0.01997394702561876,0.0015921262121870025,0.00014473874656245476,697.5699999999999,6.445733632491222,8.634933827951977,0.023592415689680128,"(607.151, 777.409]","(578.224, 1013.903]"
27.9685836520815,96.19181852233142,1302.91,732.145568666619,6909,5.133398465769287,10.298146802353772,158.83,0.75,23.59,48.85480000000005,0.0694745983499783,0.00911854103343465,0.0004342162396873643,0.0002894774931249095,1302.91,6.597344275166424,9.517046223613674,0.010855405992184106,"(607.151, 777.409]","(1013.903, 4872.69]"
27.971046875985508,93.77316703987094,1803.04,577.1118514139152,6909,5.63238818931828,9.11669022599396,88.65,1.2,24.8,40.57680000000002,0.0819221305543494,0.0039079461571862786,0.0,0.0,1803.04,6.359767364507798,7.20418966731794,0.0039079461571862786,"(465.677, 607.151]","(1013.903, 4872.69]"
27.987574490056144,77.04176964901878,249.19,757.720902785615,6909,1.6647894051237517,5.0791331462618485,97.39,0.0,10.169999999999973,25.246800000000004,0.01577652337530757,0.0013026487190620929,0.0,0.0,249.19,6.63163399275615,15.165152275203852,0.0013026487190620929,"(607.151, 777.409]","(222.892, 282.49]"
27.993964356535848,93.16123607029876,2859.06,548.8810048083353,6909,4.037471414097554,6.466035964576329,60.01,0.84,17.207999999999984,28.502800000000008,0.036184686640613695,0.0008684324793747286,0.0,0.0,2859.06,6.309701899924485,7.0595652617903735,0.0008684324793747286,"(465.677, 607.151]","(1013.903, 4872.69]"
28.041847005360623,96.84480729311844,2677.3,781.0235901789586,6909,4.39320885801129,7.83996957233498,91.92,0.87,20.00799999999998,37.896,0.05007960631060935,0.0026052974381241857,0.0,0.0,2677.3000000000006,6.661884906559568,8.626039097789581,0.0026052974381241857,"(777.409, 938.263]","(1013.903, 4872.69]"
28.059334628766955,77.32101048073038,190.87,779.9948037718618,6909,1.862671877261543,5.806186057726265,104.53,0.0,10.70399999999998,26.942800000000005,0.02214502822405558,0.002315819944999276,0.00014473874656245476,0.0,190.87,6.660568496516479,14.464590282546373,0.0026052974381241857,"(777.409, 938.263]","(172.721, 222.892]"
28.059356573695503,95.40889453341468,315.31,684.4311709342309,6909,7.0159719206831666,14.072734587571395,185.33,0.81,34.32999999999997,68.00760000000004,0.11318569981183962,0.022868721956867854,0.0015921262121870025,0.000578954986249819,315.31,6.530048086863108,9.693252919992446,0.027789839339991313,"(607.151, 777.409]","(282.49, 359.084]"
28.063361866860298,79.04208214485111,172.64,890.5682108062,6909,2.063200173686496,6.068969387339052,92.54,0.0,12.435999999999995,28.17600000000002,0.0243161094224924,0.002460558691561731,0.0,0.0,172.64000000000001,6.792981946778065,13.656448221990672,0.002460558691561731,"(777.409, 938.263]","(109.578, 172.721]"
28.080731951074355,75.5435383042069,372.53,695.8380904133099,6909,1.3292849905919815,4.024304862663474,57.83,0.0,8.417999999999983,20.49000000000002,0.010421189752496743,0.0002894774931249095,0.0,0.0,372.53000000000003,6.546553088816488,15.414290186624962,0.0002894774931249095,"(607.151, 777.409]","(359.084, 440.154]"
28.1151471050048,73.1075548983418,230.0,613.9040386619874,6909,0.7736561007381676,3.446988045333093,85.14,0.0,4.045999999999994,15.912800000000006,0.007236937328122739,0.0004342162396873643,0.0,0.0,230.0,6.421466220935883,20.568285335734867,0.0004342162396873643,"(607.151, 777.409]","(222.892, 282.49]"
28.130824601293146,76.17374630418713,321.43,727.3913353439375,6909,1.4998986828774061,4.395642018020839,59.06,0.0,9.241999999999988,21.95040000000001,0.01244753220437111,0.0004342162396873643,0.0,0.0,321.43,6.590838452318585,14.634578732552555,0.0004342162396873643,"(607.151, 777.409]","(282.49, 359.084]"
28.18650266586588,80.71319235223469,146.81,965.9690194979224,6909,3.174997828918802,8.75641225154223,164.52,0.0,18.59,43.018000000000086,0.04486901143436098,0.006947459834997829,0.000578954986249819,0.00014473874656245476,146.81,6.874166457192321,13.548981375419661,0.008539586047184832,"(938.263, 1368.418]","(109.578, 172.721]"
28.193812978661285,94.48462822373028,1160.05,637.3418285253148,6909,6.667734838616298,11.235075082489717,121.34,1.33,29.555999999999994,50.085600000000014,0.10652771746996671,0.010131712259371834,0.0004342162396873643,0.0,1160.05,6.45887392125283,7.511635315533718,0.011000144738746562,"(607.151, 777.409]","(1013.903, 4872.69]"
28.204806669537195,74.69068644071437,339.73,680.9619477284147,6909,1.2388102475032567,3.809183198365987,57.8,0.0,7.89199999999999,18.923600000000004,0.00911854103343465,0.0002894774931249095,0.0,0.0,339.73,6.52497386116723,15.275612033826208,0.0002894774931249095,"(607.151, 777.409]","(282.49, 359.084]"
28.211908026545466,95.87445172547228,315.31,728.356849846057,6909,7.0159719206831666,14.072734587571395,185.33,0.81,34.32999999999997,68.00760000000004,0.11318569981183962,0.022868721956867854,0.0015921262121870025,0.000578954986249819,315.31,6.592163118201368,9.693252919992446,0.027789839339991313,"(607.151, 777.409]","(282.49, 359.084]"
28.216278553593806,76.57984886899074,249.19,754.965169896641,6909,1.6647894051237517,5.0791331462618485,97.39,0.0,10.169999999999973,25.246800000000004,0.01577652337530757,0.0013026487190620929,0.0,0.0,249.19,6.627995303552916,15.165152275203852,0.0013026487190620929,"(607.151, 777.409]","(222.892, 282.49]"
28.226949930846885,94.10435143037076,1160.05,618.6558696096307,6909,6.667734838616298,11.235075082489717,121.34,1.33,29.555999999999994,50.085600000000014,0.10652771746996671,0.010131712259371834,0.0004342162396873643,0.0,1160.05,6.429164274925683,7.511635315533718,0.011000144738746562,"(607.151, 777.409]","(1013.903, 4872.69]"
28.356475911921567,77.32476167607099,206.37,807.1667434079313,6909,2.0836343899261833,6.404112062471696,134.04,0.0,12.061999999999989,30.61320000000003,0.02489506440874222,0.0026052974381241857,0.00014473874656245476,0.0,206.37,6.6947684028345185,14.692205818737106,0.0028947749312490953,"(777.409, 938.263]","(172.721, 222.892]"
28.36602225953247,77.5994368365581,206.37,823.5613294149803,6909,2.0836343899261833,6.404112062471696,134.04,0.0,12.061999999999989,30.61320000000003,0.02489506440874222,0.0026052974381241857,0.00014473874656245476,0.0,206.37,6.714851522999213,14.692205818737106,0.0028947749312490953,"(777.409, 938.263]","(172.721, 222.892]"
28.37365836759643,76.94264279716369,230.32,788.2670020407666,6909,1.773531625416124,5.7080279186243,122.02,0.0,10.255999999999995,29.084400000000006,0.02040816326530612,0.002026342451874367,0.00014473874656245476,0.0,230.32,6.671104669227952,16.39913446372374,0.0023158199449992765,"(777.409, 938.263]","(222.892, 282.49]"
28.3880104665094,77.98233575113316,200.66,848.1414383871258,6909,2.3083311622521347,6.8734697371353946,103.25,0.0,13.815999999999995,33.2584,0.028079316833116225,0.00303951367781155,0.0002894774931249095,0.0,200.66,6.744225766531646,14.40797842869862,0.003618468664061369,"(777.409, 938.263]","(172.721, 222.892]"
28.42899482219964,78.55663542095287,188.37,887.5267666337066,6909,2.356781010276451,6.824612572913067,114.05,0.0,14.235999999999995,34.31960000000003,0.02822405557967868,0.0034737299174989146,0.00014473874656245476,0.0,188.37,6.789564772783827,14.562059558480053,0.003763207410623824,"(777.409, 938.263]","(172.721, 222.892]"
28.45698801085592,79.40484781851838,182.16,946.5697240818622,6909,2.965709943551889,9.473716180521182,168.46,0.0,17.09599999999994,44.27640000000001,0.0409610652771747,0.007960631060935012,0.0013026487190620929,0.0004342162396873643,182.16,6.85390052167065,14.9294387898007,0.01186857721812129,"(938.263, 1368.418]","(172.721, 222.892]"
28.47237228506252,94.82603851385645,1472.01,681.9590965796627,6909,5.9646808510638305,10.614999828997245,132.95,1.09,27.555999999999994,49.61800000000003,0.09104067158778405,0.009842234766246924,0.0004342162396873643,0.0,1472.01,6.526434969899933,8.318633120583023,0.010710667245621652,"(607.151, 777.409]","(1013.903, 4872.69]"
28.485196589219093,77.20331767889856,206.37,812.4195516461677,6909,2.0836343899261833,6.404112062471696,134.04,0.0,12.061999999999989,30.61320000000003,0.02489506440874222,0.0026052974381241857,0.00014473874656245476,0.0,206.37,6.701247030123223,14.692205818737106,0.0028947749312490953,"(777.409, 938.263]","(172.721, 222.892]"
28.49584365511757,80.10745375149904,193.7,999.410756365241,6909,3.44696338109712,10.814500404815373,207.0,0.01,19.735999999999994,51.566800000000036,0.049355912577797076,0.010565928499059199,0.0015921262121870025,0.0007236937328122738,193.69999999999996,6.908165951010076,14.960061752534575,0.015921262121870026,"(938.263, 1368.418]","(172.721, 222.892]"
28.54413685955414,77.27637078622546,206.37,821.8021413554313,6909,2.0836343899261833,6.404112062471696,134.04,0.0,12.061999999999989,30.61320000000003,0.02489506440874222,0.0026052974381241857,0.00014473874656245476,0.0,206.37,6.712715760297816,14.692205818737106,0.0028947749312490953,"(777.409, 938.263]","(172.721, 222.892]"
28.56640213913568,77.10803623851477,230.32,814.971251611546,6909,1.773531625416124,5.7080279186243,122.02,0.0,10.255999999999995,29.084400000000006,0.02040816326530612,0.002026342451874367,0.00014473874656245476,0.0,230.32,6.704379123475282,16.39913446372374,0.0023158199449992765,"(777.409, 938.263]","(222.892, 282.49]"
28.58626293081041,76.95254950221997,230.32,808.8670228519314,6909,1.773531625416124,5.7080279186243,122.02,0.0,10.255999999999995,29.084400000000006,0.02040816326530612,0.002026342451874367,0.00014473874656245476,0.0,230.32,6.696870064870624,16.39913446372374,0.0023158199449992765,"(777.409, 938.263]","(222.892, 282.49]"
28.59747751335244,76.65890681560838,230.32,795.5220982654166,6909,1.773531625416124,5.7080279186243,122.02,0.0,10.255999999999995,29.084400000000006,0.02040816326530612,0.002026342451874367,0.00014473874656245476,0.0,230.32,6.680254873177941,16.39913446372374,0.0023158199449992765,"(777.409, 938.263]","(222.892, 282.49]"
28.60013630347813,76.1140011195957,243.76,771.3247530930947,6909,1.5003676364162686,4.7734603114352,63.78,0.0,8.89,23.696,0.01490809089593284,0.0013026487190620929,0.0,0.0,243.76,6.649405126198578,15.793451972309613,0.0013026487190620929,"(607.151, 777.409]","(222.892, 282.49]"
28.63188009491015,77.29404310398915,206.37,830.8889026792766,6909,2.0836343899261833,6.404112062471696,134.04,0.0,12.061999999999989,30.61320000000003,0.02489506440874222,0.0026052974381241857,0.00014473874656245476,0.0,206.37,6.723698901471665,14.692205818737106,0.0028947749312490953,"(777.409, 938.263]","(172.721, 222.892]"
28.64595444197983,77.08790481167944,230.32,821.4126361337271,6909,1.773531625416124,5.7080279186243,122.02,0.0,10.255999999999995,29.084400000000006,0.02040816326530612,0.002026342451874367,0.00014473874656245476,0.0,230.32,6.712242259531459,16.39913446372374,0.0023158199449992765,"(777.409, 938.263]","(222.892, 282.49]"
28.67653523612292,77.30500552002141,206.37,835.6242101390321,6909,2.0836343899261833,6.404112062471696,134.04,0.0,12.061999999999989,30.61320000000003,0.02489506440874222,0.0026052974381241857,0.00014473874656245476,0.0,206.37,6.72937499731641,14.692205818737106,0.0028947749312490953,"(777.409, 938.263]","(172.721, 222.892]"
28.683128097585385,94.23774617437968,2145.5,667.8247801995572,6909,5.0841699232884645,8.43216813187705,98.25,1.14,22.975999999999996,37.95360000000001,0.06455348096685483,0.0036184686640613694,0.0,0.0,2145.5,6.505522112817881,7.465051937209744,0.0036184686640613694,"(607.151, 777.409]","(1013.903, 4872.69]"
28.70183253496641,77.22242654130963,206.37,833.6351981522124,6909,2.0836343899261833,6.404112062471696,134.04,0.0,12.061999999999989,30.61320000000003,0.02489506440874222,0.0026052974381241857,0.00014473874656245476,0.0,206.37,6.726994740946831,14.692205818737106,0.0028947749312490953,"(777.409, 938.263]","(172.721, 222.892]"
28.71673359589833,77.78633227845174,206.37,865.7882446642457,6909,2.0836343899261833,6.404112062471696,134.04,0.0,12.061999999999989,30.61320000000003,0.02489506440874222,0.0026052974381241857,0.00014473874656245476,0.0,206.37,6.76479470780772,14.692205818737106,0.0028947749312490953,"(777.409, 938.263]","(172.721, 222.892]"
28.72056844180108,77.26433134452442,206.37,837.5828441303627,6909,2.0836343899261833,6.404112062471696,134.04,0.0,12.061999999999989,30.61320000000003,0.02489506440874222,0.0026052974381241857,0.00014473874656245476,0.0,206.37,6.731713376776819,14.692205818737106,0.0028947749312490953,"(777.409, 938.263]","(172.721, 222.892]"
28.732411041561218,75.8918087556942,266.31,775.684767708404,6909,1.28414821247648,4.261521854518171,62.51,0.0,7.0,22.288800000000013,0.012592270950933565,0.000578954986249819,0.0,0.0,266.31,6.655034563682377,17.356861479528607,0.000578954986249819,"(607.151, 777.409]","(222.892, 282.49]"
28.745526964947874,77.00138887886263,230.32,826.4629640618292,6909,1.773531625416124,5.7080279186243,122.02,0.0,10.255999999999995,29.084400000000006,0.02040816326530612,0.002026342451874367,0.00014473874656245476,0.0,230.32,6.718364349828869,16.39913446372374,0.0023158199449992765,"(777.409, 938.263]","(222.892, 282.49]"
28.75087017577572,95.019998290907,2302.86,717.8419632032333,6909,3.511650021710812,6.252124690271071,80.2,0.69,16.86199999999999,29.273600000000005,0.03242147922998987,0.0007236937328122738,0.0,0.0,2302.86,6.577641532731309,8.336135857183907,0.0007236937328122738,"(607.151, 777.409]","(1013.903, 4872.69]"
28.76106051789079,78.2838253297567,219.12,898.8753594514271,6909,2.6252105948762487,7.276641542191915,96.39,0.0,14.85,34.78280000000001,0.032276740483427414,0.0039079461571862786,0.0,0.0,219.12,6.80225626423534,13.249522464355735,0.0039079461571862786,"(777.409, 938.263]","(172.721, 222.892]"
28.771403788627246,77.45493460501015,224.14,852.4408269582588,6909,2.295430597771023,6.52424778018695,112.66,0.0,12.87199999999999,32.454800000000034,0.02576349688811695,0.0027500361846866405,0.00014473874656245476,0.0,224.14000000000001,6.749276209963768,14.138866098870139,0.00303951367781155,"(777.409, 938.263]","(222.892, 282.49]"
28.78684737910912,77.09606492746875,222.16,835.1499199543202,6909,1.8746779562888984,5.677236091816116,90.84,0.0,10.677999999999983,29.502800000000008,0.020842379504993486,0.002026342451874367,0.0,0.0,222.16,6.728807927095883,15.737521297195093,0.002026342451874367,"(777.409, 938.263]","(172.721, 222.892]"
28.8026684790092,79.1857385249488,328.39,959.3949308161872,6909,3.3392719641047908,9.811790142561966,165.43,0.01,18.57199999999999,48.25040000000003,0.04515848892748589,0.008973802286872196,0.0013026487190620929,0.0004342162396873643,328.39,6.867344586132614,14.44937281817428,0.012881748444058474,"(938.263, 1368.418]","(282.49, 359.084]"
28.864787289644013,78.80267903985953,232.79,939.8223027635609,6909,2.649332754378347,7.153043545681476,100.98,0.0,15.129999999999946,34.446000000000005,0.032276740483427414,0.0039079461571862786,0.00014473874656245476,0.0,232.79,6.846754283032126,13.001759383118033,0.004197423650311188,"(938.263, 1368.418]","(222.892, 282.49]"
28.87122658480568,95.93881069359776,3639.67,785.0318796565797,6909,2.432690693298596,4.106666016736505,58.27,0.64,10.359999999999973,19.0984,0.008394847300622376,0.00014473874656245476,0.0,0.0,3639.67,6.666997350966214,7.850727674456611,0.00014473874656245476,"(777.409, 938.263]","(1013.903, 4872.69]"
28.88934014426437,76.58634775132249,222.16,820.6183590598637,6909,1.8746779562888984,5.677236091816116,90.84,0.0,10.677999999999983,29.502800000000008,0.020842379504993486,0.002026342451874367,0.0,0.0,222.16,6.7112760038611174,15.737521297195093,0.002026342451874367,"(777.409, 938.263]","(172.721, 222.892]"
28.99686964225186,77.76585097147364,224.14,890.0920425935425,6909,2.295430597771023,6.52424778018695,112.66,0.0,12.87199999999999,32.454800000000034,0.02576349688811695,0.0027500361846866405,0.00014473874656245476,0.0,224.14000000000001,6.792447724709588,14.138866098870139,0.00303951367781155,"(777.409, 938.263]","(222.892, 282.49]"
29.03533639886769,77.30783853845101,224.14,869.4150556773599,6909,2.295430597771023,6.52424778018695,112.66,0.0,12.87199999999999,32.454800000000034,0.02576349688811695,0.0027500361846866405,0.00014473874656245476,0.0,224.14000000000001,6.768970173375517,14.138866098870139,0.00303951367781155,"(777.409, 938.263]","(222.892, 282.49]"
29.03866548355425,76.92058385080234,222.16,850.6701905896757,6909,1.8746779562888984,5.677236091816116,90.84,0.0,10.677999999999983,29.502800000000008,0.020842379504993486,0.002026342451874367,0.0,0.0,222.16,6.747199351639815,15.737521297195093,0.002026342451874367,"(777.409, 938.263]","(172.721, 222.892]"
29.04324477778456,79.43174724208478,328.39,995.2483842732801,6909,3.3392719641047908,9.811790142561966,165.43,0.01,18.57199999999999,48.25040000000003,0.04515848892748589,0.008973802286872196,0.0013026487190620929,0.0004342162396873643,328.39,6.903996608294608,14.44937281817428,0.012881748444058474,"(938.263, 1368.418]","(282.49, 359.084]"
29.2317043032648,80.10344507428896,475.37,1055.4669829386053,6909,3.624928354320452,10.819706186598712,182.23,0.01,20.005999999999997,54.10040000000001,0.050224345057171806,0.011144883485309016,0.001881603705311912,0.000578954986249819,475.37,6.962685585208199,14.924539132195571,0.016644955854682297,"(938.263, 1368.418]","(440.154, 578.224]"
29.235560186997134,75.81752186418252,217.18,824.4750113404015,6909,1.271265016644956,4.55537344316372,72.23,0.0,6.89,23.77480000000003,0.013605442176870748,0.0010131712259371835,0.0,0.0,217.18,6.71595899196367,18.70167194647818,0.0010131712259371835,"(777.409, 938.263]","(172.721, 222.892]"
29.29092258999611,79.41669903067559,1085.64,1014.6480642237409,6909,3.5551483572152267,9.332201856165122,134.33,0.01,19.23,45.11960000000005,0.04660587639311044,0.007960631060935012,0.0008684324793747286,0.0,1085.64,6.923282174649778,12.691337400053015,0.00969749601968447,"(938.263, 1368.418]","(1013.903, 4872.69]"
29.340102701874933,76.90214867541776,237.6,879.1443927310827,6909,2.053881893182805,5.562355500131857,68.61,0.0,11.271999999999963,29.09720000000001,0.01997394702561876,0.0015921262121870025,0.0,0.0,237.6,6.780085976661124,14.166922611108298,0.0015921262121870025,"(777.409, 938.263]","(222.892, 282.49]"
29.366515381403023,74.29803782858563,187.8,791.1988286442254,6909,0.96580547112462,3.3465727536549514,76.8,0.0,5.51,17.2184,0.006223766102185555,0.00014473874656245476,0.0,0.0,187.80000000000004,6.674812406575546,17.82800231184025,0.00014473874656245476,"(777.409, 938.263]","(172.721, 222.892]"
29.41331571672242,78.48432850268699,516.72,968.1911726926764,6909,3.115429150383558,7.799182787321602,118.51,0.0,17.91,36.350800000000014,0.042408452742799245,0.0039079461571862786,0.0004342162396873643,0.0,516.72,6.876461881072455,11.667987483373576,0.004776378636561007,"(938.263, 1368.418]","(440.154, 578.224]"
29.452048162438345,76.37383839914105,227.57,867.6200255024225,6909,1.5725531914893618,4.991058089366766,70.66,0.0,8.675999999999995,25.943600000000004,0.016789694601244753,0.001157909972499638,0.0,0.0,227.57,6.766905774753707,16.49774624010184,0.001157909972499638,"(777.409, 938.263]","(222.892, 282.49]"
29.454248241242755,77.73555407777654,246.28,930.8082769404979,6909,2.7140063685048488,6.887331554700411,98.01,0.0,15.339999999999973,31.8984,0.031842524243740046,0.0028947749312490953,0.0,0.0,246.28,6.837127082086857,11.753247382512775,0.0028947749312490953,"(777.409, 938.263]","(222.892, 282.49]"
29.46604029564928,73.5844091481342,172.73,769.4071656030256,6909,0.7206136922854248,2.7957044920939245,76.78,0.0,4.035999999999994,13.67,0.004052684903748734,0.00014473874656245476,0.0,0.0,172.73,6.646919161586852,18.9699157487973,0.00014473874656245476,"(607.151, 777.409]","(172.721, 222.892]"
29.481239494202143,77.28784919998542,246.28,910.9323135109505,6909,2.7140063685048488,6.887331554700411,98.01,0.0,15.339999999999973,31.8984,0.031842524243740046,0.0028947749312490953,0.0,0.0,246.28,6.815565769678565,11.753247382512775,0.0028947749312490953,"(777.409, 938.263]","(222.892, 282.49]"
29.53550467769725,75.57559255305563,215.2,847.5494377973524,6909,1.2954798089448545,4.449976882864059,64.95,0.0,7.287999999999983,23.68,0.012302793457808655,0.000578954986249819,0.0,0.0,215.19999999999996,6.743528347911951,18.278927666467656,0.000578954986249819,"(777.409, 938.263]","(172.721, 222.892]"
29.606429067131057,74.9036097352157,201.22,836.3768813187755,6909,1.1477579968157476,3.9334883902876,61.04,0.0,6.43,20.402000000000008,0.010565928499059199,0.0002894774931249095,0.0,0.0,201.22,6.730274245512011,17.775508670898432,0.0002894774931249095,"(777.409, 938.263]","(172.721, 222.892]"
29.71948217477044,76.91722023152478,237.6,917.1255078088946,6909,2.053881893182805,5.562355500131857,68.61,0.0,11.271999999999963,29.09720000000001,0.01997394702561876,0.0015921262121870025,0.0,0.0,237.6,6.822334100021407,14.166922611108298,0.0015921262121870025,"(777.409, 938.263]","(222.892, 282.49]"
29.851590317071523,78.69996788829827,1266.18,1019.6961551115862,6909,3.677093645969026,9.269817990144839,175.39,0.0,20.83199999999999,44.238000000000035,0.051961210015921265,0.007236937328122739,0.0002894774931249095,0.0002894774931249095,1266.18,6.92824017848905,12.030693865466707,0.008684324793747285,"(938.263, 1368.418]","(1013.903, 4872.69]"
29.855031978804515,76.48007150183889,239.52,912.5717286274283,6909,1.7258025763496887,5.353942908929624,82.09,0.0,9.887999999999984,28.660000000000053,0.01997394702561876,0.001157909972499638,0.0,0.0,239.52,6.817361893400421,16.60675663948958,0.001157909972499638,"(777.409, 938.263]","(222.892, 282.49]"
29.877779005288502,75.4893683824271,223.82,880.9178471518867,6909,1.3764104790852512,4.277694980438532,62.17,0.0,8.225999999999967,22.0084,0.01273700969749602,0.0004342162396873643,0.0,0.0,223.82,6.782098907849914,15.989695185212026,0.0004342162396873643,"(777.409, 938.263]","(222.892, 282.49]"
29.907826237786228,78.00861275130181,564.78,987.4013379527041,6909,3.5554378347083513,8.922071465514517,168.7,0.0,19.939999999999973,41.817600000000006,0.04993486756404689,0.006513243595310464,0.0002894774931249095,0.0002894774931249095,564.78,6.896088827768642,11.76158610627041,0.007960631060935012,"(938.263, 1368.418]","(440.154, 578.224]"
29.98308381073867,77.50476871036082,318.77,969.6453002428949,6909,3.442204371110146,8.602032779506084,155.99,0.0,19.169999999999973,42.563200000000016,0.047619047619047616,0.005355333622810827,0.0002894774931249095,0.00014473874656245476,318.77,6.877961108293794,12.365096039075947,0.00636850484874801,"(938.263, 1368.418]","(282.49, 359.084]"
30.010080218436546,79.92775607247262,2347.69,1107.1568958526564,6909,2.534683745838761,6.304929816227025,97.99,0.01,13.227999999999984,29.922400000000017,0.02489506440874222,0.002460558691561731,0.0,0.0,2347.69,7.010453460037611,11.805176185765971,0.002460558691561731,"(938.263, 1368.418]","(1013.903, 4872.69]"
30.060440554610803,76.7614110414318,260.75,944.5231810511489,6909,2.486087711680417,6.5788451799230385,100.14,0.0,13.955999999999994,31.814000000000014,0.027789839339991317,0.0027500361846866405,0.00014473874656245476,0.0,260.75,6.85173840503874,12.796808034455069,0.00303951367781155,"(938.263, 1368.418]","(222.892, 282.49]"
30.128772927544794,80.48336769373651,3297.8,1131.4285274122178,6909,1.7034071500940802,4.339715848016977,74.3,0.02,8.645999999999995,21.481600000000036,0.011289622231871473,0.000578954986249819,0.0,0.0,3297.8000000000006,7.032119744912853,12.61095292916944,0.000578954986249819,"(938.263, 1368.418]","(1013.903, 4872.69]"
30.17977790741802,75.048062366302,206.16,901.3711762217164,6909,1.205801128962223,3.8268909645252007,83.81,0.0,7.11,19.139200000000002,0.009263279779997104,0.0002894774931249095,0.0,0.0,206.16,6.8050259389899965,15.872587666163941,0.0002894774931249095,"(777.409, 938.263]","(172.721, 222.892]"
30.21070758375785,75.8225351138096,223.82,926.0451852760071,6909,1.3764104790852512,4.277694980438532,62.17,0.0,8.225999999999967,22.0084,0.01273700969749602,0.0004342162396873643,0.0,0.0,223.82,6.8320023079334895,15.989695185212026,0.0004342162396873643,"(777.409, 938.263]","(222.892, 282.49]"
30.211564476305377,77.32341614682609,318.77,983.5438655830222,6909,3.442204371110146,8.602032779506084,155.99,0.0,19.169999999999973,42.563200000000016,0.047619047619047616,0.005355333622810827,0.0002894774931249095,0.00014473874656245476,318.77,6.892178453290769,12.365096039075947,0.00636850484874801,"(938.263, 1368.418]","(282.49, 359.084]"
30.21177611420225,76.34169067709115,239.52,943.7335739500159,6909,1.7258025763496887,5.353942908929624,82.09,0.0,9.887999999999984,28.660000000000053,0.01997394702561876,0.001157909972499638,0.0,0.0,239.52,6.850902955415327,16.60675663948958,0.001157909972499638,"(938.263, 1368.418]","(222.892, 282.49]"
30.293229414187262,74.52380044738996,190.71,891.9293835042666,6909,1.11130988565639,3.601769012328857,114.59,0.0,6.7,17.626400000000015,0.007381676074685193,0.0002894774931249095,0.00014473874656245476,0.0,190.71,6.7945074999269135,15.860908254839124,0.000578954986249819,"(777.409, 938.263]","(172.721, 222.892]"
30.3139069680003,74.12149582671837,190.71,876.6428662888399,6909,1.11130988565639,3.601769012328857,114.59,0.0,6.7,17.626400000000015,0.007381676074685193,0.0002894774931249095,0.00014473874656245476,0.0,190.71,6.777239752673388,15.860908254839124,0.000578954986249819,"(777.409, 938.263]","(172.721, 222.892]"
30.346201821741584,76.95651794727415,423.74,981.1584574123623,6909,2.8694355188884066,7.727972289243701,121.44,0.0,16.091999999999988,37.85880000000001,0.034013605442176874,0.005065856129685917,0.0004342162396873643,0.0,423.74,6.889752657264079,13.193809917309535,0.005934288609060646,"(938.263, 1368.418]","(359.084, 440.154]"
30.364975880604,75.50248391091341,233.38,932.8427123353479,6909,1.5359299464466638,4.608994604126865,77.45,0.0,9.133999999999979,22.86200000000001,0.014039658416558113,0.0007236937328122738,0.0,0.0,233.38,6.83930802183705,14.884783754693302,0.0007236937328122738,"(777.409, 938.263]","(222.892, 282.49]"
30.45981659306927,78.50007227682984,2165.78,1064.3982595146167,6909,3.581748444058474,9.063707855963933,159.16,0.01,20.225999999999996,42.6868,0.0515269937762339,0.006947459834997829,0.0004342162396873643,0.00014473874656245476,2165.78,6.971103960836564,11.917863230441842,0.008250108554059922,"(938.263, 1368.418]","(1013.903, 4872.69]"
30.489792145408604,79.0275793014823,2165.78,1095.5276730685323,6909,3.581748444058474,9.063707855963933,159.16,0.01,20.225999999999996,42.6868,0.0515269937762339,0.006947459834997829,0.0004342162396873643,0.00014473874656245476,2165.78,6.999903805176079,11.917863230441842,0.008250108554059922,"(938.263, 1368.418]","(1013.903, 4872.69]"
30.503384885299425,77.87608399587077,1403.86,1037.399820257394,6909,3.5506846142712405,8.871609647584258,158.4,0.0,19.545999999999996,43.298000000000016,0.04819800260529744,0.006513243595310464,0.0004342162396873643,0.00014473874656245476,1403.8600000000001,6.94543617285408,12.194264630462559,0.007815892314372557,"(938.263, 1368.418]","(1013.903, 4872.69]"
30.50771266996608,79.616577754155,3184.08,1130.7779299274418,6909,2.581179620784484,6.344888190525796,116.18,0.0,14.64,30.06840000000002,0.02735562310030395,0.002315819944999276,0.00014473874656245476,0.0,3184.08,7.031545064542542,11.649087924293145,0.0026052974381241857,"(938.263, 1368.418]","(1013.903, 4872.69]"
30.60400488241888,74.79507295448165,210.46,934.6252242421491,6909,1.3216471269358807,3.998103756809781,97.16,0.0,8.04,19.954000000000015,0.00998697351280938,0.0002894774931249095,0.0,0.0,210.46,6.841214994844831,15.097815820510052,0.0002894774931249095,"(777.409, 938.263]","(172.721, 222.892]"
30.652813294843988,76.73767529379148,423.74,1003.4810289444258,6909,2.8694355188884066,7.727972289243701,121.44,0.0,16.091999999999988,37.85880000000001,0.034013605442176874,0.005065856129685917,0.0004342162396873643,0.0,423.74,6.912226298008378,13.193809917309535,0.005934288609060646,"(938.263, 1368.418]","(359.084, 440.154]"
30.662605152704007,76.38259997751058,256.6,991.581620867626,6909,1.9871254884932696,6.1874057731439125,92.11,0.0,11.67,31.51,0.021710811984368215,0.002315819944999276,0.0,0.0,256.6,6.900309246830016,15.85706807415784,0.002315819944999276,"(938.263, 1368.418]","(222.892, 282.49]"
30.68540770453067,76.9964515901898,423.74,1016.8411420365206,6909,2.8694355188884066,7.727972289243701,121.44,0.0,16.091999999999988,37.85880000000001,0.034013605442176874,0.005065856129685917,0.0004342162396873643,0.0,423.74,6.925439135853505,13.193809917309535,0.005934288609060646,"(938.263, 1368.418]","(359.084, 440.154]"
30.70250026266807,77.44109217405256,832.97,1037.0498236040316,6909,3.7249370386452454,9.20392626701582,153.7,0.0,20.76199999999999,46.08360000000001,0.05355333622810826,0.007815892314372557,0.0004342162396873643,0.00014473874656245476,832.97,6.9450990621924165,12.371642030523693,0.00911854103343465,"(938.263, 1368.418]","(578.224, 1013.903]"
30.730903500126363,76.78311534926821,423.74,1013.1457811810268,6909,2.8694355188884066,7.727972289243701,121.44,0.0,16.091999999999988,37.85880000000001,0.034013605442176874,0.005065856129685917,0.0004342162396873643,0.0,423.74,6.921801942240543,13.193809917309535,0.005934288609060646,"(938.263, 1368.418]","(359.084, 440.154]"
30.78558271343152,75.15695238853384,213.49,968.9893840145021,6909,1.5217643653205963,4.810825426510922,105.63,0.0,8.817999999999984,22.437600000000003,0.013171225937183385,0.0010131712259371835,0.00014473874656245476,0.0,213.49,6.877285127122593,14.744454376035156,0.0013026487190620929,"(938.263, 1368.418]","(172.721, 222.892]"
30.79343393694884,75.82922464223363,240.26,987.4747991632534,6909,1.791037776812853,5.43885228389774,95.24,0.0,10.27,25.926400000000015,0.01794760457374439,0.0015921262121870025,0.0,0.0,240.26,6.896163148267741,14.475621821061827,0.0015921262121870025,"(938.263, 1368.418]","(222.892, 282.49]"
30.882337813252747,74.65690815656349,197.52,955.8951120072111,6909,1.2933897814444928,4.235670997968115,123.16,0.0,7.581999999999989,19.1276,0.00911854103343465,0.0008684324793747286,0.00014473874656245476,0.0,197.52,6.863693784617934,14.788724548228027,0.001157909972499638,"(938.263, 1368.418]","(172.721, 222.892]"
30.961469834562475,78.66456138460865,4043.05,1119.7042216056298,6909,2.654857432334636,6.6034442898226535,119.62,0.01,14.861999999999963,32.576,0.030250398031553046,0.001881603705311912,0.00014473874656245476,0.0,4043.0500000000006,7.021712535987293,12.270334117722893,0.0021710811984368217,"(938.263, 1368.418]","(1013.903, 4872.69]"
31.055426434029027,76.84737340121002,897.65,1048.6082146793715,6909,2.9872962802142133,7.902177518815305,114.48,0.01,15.85,38.56960000000001,0.03690838037342597,0.005644811115935736,0.000578954986249819,0.0,897.65,6.95617224464488,12.911202462325495,0.006802721088435375,"(938.263, 1368.418]","(578.224, 1013.903]"
31.084302967972505,76.52802084542749,315.93,1040.146268522414,6909,2.3040961065277177,6.778461707573914,106.14,0.0,13.217999999999984,33.94840000000004,0.025039803155304675,0.003763207410623824,0.00014473874656245476,0.0,315.93,6.948077566451135,14.733927621288668,0.004052684903748734,"(938.263, 1368.418]","(282.49, 359.084]"
31.128703640160435,76.15983663920659,315.93,1032.693180053749,6909,2.3040961065277177,6.778461707573914,106.14,0.0,13.217999999999984,33.94840000000004,0.025039803155304675,0.003763207410623824,0.00014473874656245476,0.0,315.93,6.940893279945777,14.733927621288668,0.004052684903748734,"(938.263, 1368.418]","(282.49, 359.084]"
31.23983763981657,77.7133419791237,1887.45,1101.8740616001207,6909,3.240110001447387,7.829611416098433,126.85,0.01,17.87199999999999,39.03600000000004,0.04168475900998697,0.0036184686640613694,0.00014473874656245476,0.0,1887.45,7.005674834674965,12.047735396275714,0.0039079461571862786,"(938.263, 1368.418]","(1013.903, 4872.69]"
31.29533827446384,75.5683628800368,282.49,1033.5665503433881,6909,2.1585381386597193,6.563131146865464,104.36,0.0,12.025999999999994,31.14960000000001,0.025039803155304675,0.0028947749312490953,0.0002894774931249095,0.0,282.49,6.941737826042879,14.430871065576984,0.0034737299174989146,"(938.263, 1368.418]","(222.892, 282.49]"
31.32357067993922,74.84149835063803,224.33,1007.5484019052835,6909,1.829452887537994,5.9438454022772005,120.0,0.0,10.347999999999983,27.417600000000004,0.020552902011868577,0.002315819944999276,0.0002894774931249095,0.0,224.32999999999998,6.916267350199245,14.986767464741904,0.0028947749312490953,"(938.263, 1368.418]","(222.892, 282.49]"
31.38675831577235,75.30609617790037,224.33,1034.2481877601062,6909,1.829452887537994,5.9438454022772005,120.0,0.0,10.347999999999983,27.417600000000004,0.020552902011868577,0.002315819944999276,0.0002894774931249095,0.0,224.32999999999998,6.94239647189056,14.986767464741904,0.0028947749312490953,"(938.263, 1368.418]","(222.892, 282.49]"
31.39926804732626,76.64057756582334,1262.62,1076.53871630747,6909,3.0665914025184544,7.777820843902182,115.03,0.02,15.805999999999996,38.04520000000002,0.03430308293530178,0.004631639889998552,0.0002894774931249095,0.0,1262.6200000000001,6.982434752940239,12.406343917357654,0.005210594876248371,"(938.263, 1368.418]","(1013.903, 4872.69]"
31.57768741787021,78.3300912896055,3817.54,1162.335098062088,6909,2.022725430597771,4.801044481095635,84.99,0.0,10.865999999999994,21.5592,0.013315964683745839,0.0008684324793747286,0.0,0.0,3817.54,7.059046243486027,10.658485336362894,0.0008684324793747286,"(938.263, 1368.418]","(1013.903, 4872.69]"
31.581273485687447,76.23716793389957,485.47,1082.4891771364332,6909,2.645128093790708,7.428455313954843,127.56,0.01,15.115999999999994,34.81720000000001,0.03242147922998987,0.004342162396873643,0.00014473874656245476,0.0,485.46999999999997,6.987941832127664,13.162760215269428,0.004631639889998553,"(938.263, 1368.418]","(440.154, 578.224]"
31.60978938967416,75.84434748283654,282.49,1074.2583851786637,6909,2.1585381386597193,6.563131146865464,104.36,0.0,12.025999999999994,31.14960000000001,0.025039803155304675,0.0028947749312490953,0.0002894774931249095,0.0,282.49,6.9803162699860675,14.430871065576984,0.0034737299174989146,"(938.263, 1368.418]","(222.892, 282.49]"
31.64994298948272,76.53975742310016,485.47,1099.1617639794854,6909,2.645128093790708,7.428455313954843,127.56,0.01,15.115999999999994,34.81720000000001,0.03242147922998987,0.004342162396873643,0.00014473874656245476,0.0,485.46999999999997,7.003212506137639,13.162760215269428,0.004631639889998553,"(938.263, 1368.418]","(440.154, 578.224]"
31.650964506288823,77.0122370375387,1262.62,1115.4917355379625,6909,3.0665914025184544,7.777820843902182,115.03,0.02,15.805999999999996,38.04520000000002,0.03430308293530178,0.004631639889998552,0.0002894774931249095,0.0,1262.6200000000001,7.017946669137244,12.406343917357654,0.005210594876248371,"(938.263, 1368.418]","(1013.903, 4872.69]"
31.77148768372738,74.83179943376253,246.55,1051.832511716722,6909,2.1981126067448256,6.7397476429132865,133.74,0.0,12.755999999999995,32.360800000000054,0.025329280648429583,0.003763207410623824,0.0002894774931249095,0.0,246.55000000000004,6.959239441284134,14.722078013029993,0.004342162396873643,"(938.263, 1368.418]","(222.892, 282.49]"
31.87810093681426,77.4411459153726,3984.73,1154.6066022137932,6909,2.420700535533362,5.734104544145636,120.83,0.02,12.909999999999973,26.934000000000015,0.020987118251555942,0.0013026487190620929,0.00014473874656245476,0.0,3984.73,7.052380681810264,11.126526589353174,0.0015921262121870025,"(938.263, 1368.418]","(1013.903, 4872.69]"
31.90513740465883,75.22723492655982,246.55,1081.6312603561767,6909,2.1981126067448256,6.7397476429132865,133.74,0.0,12.755999999999995,32.360800000000054,0.025329280648429583,0.003763207410623824,0.0002894774931249095,0.0,246.55000000000004,6.987149709205719,14.722078013029993,0.004342162396873643,"(938.263, 1368.418]","(222.892, 282.49]"
32.08466737230117,76.26915830937098,1112.16,1136.3512042482644,6909,2.8311897524967433,7.679289014324388,131.87,0.04,15.891999999999989,37.99600000000002,0.03473729917498915,0.004486901143436098,0.0004342162396873643,0.0,1112.16,7.0364573328167275,13.420501591597978,0.005355333622810827,"(938.263, 1368.418]","(1013.903, 4872.69]"
32.300563089795126,75.65923367279925,1054.25,1139.3406679983088,6909,2.620701982920828,7.121256749875846,103.64,0.03,14.785999999999994,34.02360000000002,0.0348820379215516,0.004342162396873643,0.00014473874656245476,0.0,1054.25,7.039082328324742,12.98262344940746,0.004631639889998553,"(938.263, 1368.418]","(1013.903, 4872.69]"
32.49540913387832,77.59654288624232,4872.69,1223.0342339471483,6909,1.845624547691417,4.260324107186443,80.76,0.04,9.597999999999983,21.0576,0.011000144738746562,0.0002894774931249095,0.0,0.0,4872.6900000000005,7.109907431592218,11.409464951511804,0.0002894774931249095,"(938.263, 1368.418]","(1013.903, 4872.69]"
32.57655652656198,75.11885743480153,465.43,1144.1728820135818,6909,2.457452598060501,7.008049342203779,120.33,0.01,14.43,35.51520000000008,0.028947749312490955,0.003763207410623824,0.00014473874656245476,0.0,465.43,7.04331089324885,14.452032798515413,0.004052684903748734,"(938.263, 1368.418]","(440.154, 578.224]"
32.58561031358835,75.61210016100335,1054.25,1165.3272655789622,6909,2.620701982920828,7.121256749875846,103.64,0.03,14.785999999999994,34.02360000000002,0.0348820379215516,0.004342162396873643,0.00014473874656245476,0.0,1054.25,7.061615001267322,12.98262344940746,0.004631639889998553,"(938.263, 1368.418]","(1013.903, 4872.69]"
32.69799345594313,76.1668737800615,2350.54,1198.3579499935072,6909,2.6672919380518163,6.902775559682794,102.06,0.06,14.787999999999984,32.71680000000002,0.03300043421623969,0.0034737299174989146,0.00014473874656245476,0.0,2350.54,7.089541650918143,12.265919327142328,0.003763207410623824,"(938.263, 1368.418]","(1013.903, 4872.69]"
32.7678199940849,74.92114542096148,1224.27,1149.1184243390703,6909,2.4401910551454624,6.379327793435026,85.19,0.03,13.58,30.524400000000007,0.026197713127804313,0.0021710811984368217,0.0,0.0,1224.27,7.047620193741606,12.50901540132275,0.0021710811984368217,"(938.263, 1368.418]","(1013.903, 4872.69]"
32.913861316860114,75.32644994103924,2027.22,1186.2778820963445,6909,2.3574077290490663,5.94008581303235,79.85,0.04,13.195999999999968,29.058800000000012,0.022579244463742945,0.0017368649587494573,0.0,0.0,2027.22,7.079418471757679,12.326585390952454,0.0017368649587494573,"(938.263, 1368.418]","(1013.903, 4872.69]"
33.13158238527032,75.59417378371802,2027.22,1218.7940412200733,6909,2.3574077290490663,5.94008581303235,79.85,0.04,13.195999999999968,29.058800000000012,0.022579244463742945,0.0017368649587494573,0.0,0.0,2027.22,7.106437304803755,12.326585390952454,0.0017368649587494573,"(938.263, 1368.418]","(1013.903, 4872.69]"
33.20640190519108,74.86222914200039,1224.27,1178.6087307470325,6909,2.4401910551454624,6.379327793435026,85.19,0.03,13.58,30.524400000000007,0.026197713127804313,0.0021710811984368217,0.0,0.0,1224.27,7.072938078360859,12.50901540132275,0.0021710811984368217,"(938.263, 1368.418]","(1013.903, 4872.69]"
33.26507117011996,74.33520238518426,1724.33,1148.4316396644317,6909,2.2629700390794616,5.480494615425173,77.51,0.05,12.295999999999994,26.383600000000023,0.020552902011868577,0.0014473874656245477,0.0,0.0,1724.33,7.047022872808429,11.658832368766161,0.0014473874656245477,"(938.263, 1368.418]","(1013.903, 4872.69]"
33.33425144380963,75.19877046175891,2359.78,1211.1956598191089,6909,2.2152670429874077,5.613456107085063,77.01,0.04,11.715999999999996,27.588800000000013,0.01997394702561876,0.0015921262121870025,0.0,0.0,2359.78,7.100188589094267,12.453933097321729,0.0015921262121870025,"(938.263, 1368.418]","(1013.903, 4872.69]"
33.62423451457468,74.69595736690353,2359.78,1200.5800529233065,6909,2.2152670429874077,5.613456107085063,77.01,0.04,11.715999999999996,27.588800000000013,0.01997394702561876,0.0015921262121870025,0.0,0.0,2359.78,7.091392680442077,12.453933097321729,0.0015921262121870025,"(938.263, 1368.418]","(1013.903, 4872.69]"
33.630602333563566,75.87150507504556,2942.31,1279.5550288201491,6909,1.9776378636561007,5.098945868016129,74.61,0.03,10.465999999999996,24.846800000000023,0.015921262121870023,0.0013026487190620929,0.0,0.0,2942.31,7.155048879195039,12.563871218663879,0.0013026487190620929,"(938.263, 1368.418]","(1013.903, 4872.69]"
33.70365139723225,74.25319851033713,1724.33,1179.0162826832982,6909,2.2629700390794616,5.480494615425173,77.51,0.05,12.295999999999994,26.383600000000023,0.020552902011868577,0.0014473874656245477,0.0,0.0,1724.33,7.073283516248658,11.658832368766161,0.0014473874656245477,"(938.263, 1368.418]","(1013.903, 4872.69]"
33.72242218499272,74.77280491425836,2359.78,1213.4155586708346,6909,2.2152670429874077,5.613456107085063,77.01,0.04,11.715999999999996,27.588800000000013,0.01997394702561876,0.0015921262121870025,0.0,0.0,2359.78,7.102018218376517,12.453933097321729,0.0015921262121870025,"(938.263, 1368.418]","(1013.903, 4872.69]"
33.8021531426366,76.47647718860641,4549.47,1322.116045840718,6909,1.167459834997829,3.159271915017813,52.43,0.03,6.19,14.8092,0.005500072369373281,0.00014473874656245476,0.0,0.0,4549.47,7.187744874433613,12.684965144914297,0.00014473874656245476,"(938.263, 1368.418]","(1013.903, 4872.69]"
33.81124327825673,75.24976051982688,2630.66,1251.5255638365477,6909,2.0732074106238243,5.617563108287316,79.13,0.03,11.037999999999956,28.262000000000008,0.021421334491243307,0.002026342451874367,0.0,0.0,2630.66,7.132917242999474,13.632011068050812,0.002026342451874367,"(938.263, 1368.418]","(1013.903, 4872.69]"
33.84437864833394,77.81111055433126,4532.61,1368.4183937402765,6909,0.6807150094080185,1.7783846786930484,25.37,0.03,3.4759999999999946,8.338400000000002,0.0010131712259371835,0.0,0.0,0.0,4532.61,7.222141398567162,12.249454816335893,0.0,"(938.263, 1368.418]","(1013.903, 4872.69]"
33.91050850619386,74.62691595298534,2235.45,1219.40303784001,6909,2.1269518019973948,5.2235785920217594,71.93,0.05,11.125999999999994,25.64,0.01794760457374439,0.0015921262121870025,0.0,0.0,2235.45,7.1069364420560746,12.054804401828662,0.0015921262121870025,"(938.263, 1368.418]","(1013.903, 4872.69]"
33.950526682038905,75.04139677417663,2630.66,1249.0010501926267,6909,2.0732074106238243,5.617563108287316,79.13,0.03,11.037999999999956,28.262000000000008,0.021421334491243307,0.002026342451874367,0.0,0.0,2630.66,7.130899670450095,13.632011068050812,0.002026342451874367,"(938.263, 1368.418]","(1013.903, 4872.69]"
34.11076104746276,74.90585549001361,2630.66,1253.3144994936317,6909,2.0732074106238243,5.617563108287316,79.13,0.03,11.037999999999956,28.262000000000008,0.021421334491243307,0.002026342451874367,0.0,0.0,2630.66,7.134344486792908,13.632011068050812,0.002026342451874367,"(938.263, 1368.418]","(1013.903, 4872.69]"
34.17562288884545,74.31540552844591,2235.45,1222.329829112793,6909,2.1269518019973948,5.2235785920217594,71.93,0.05,11.125999999999994,25.64,0.01794760457374439,0.0015921262121870025,0.0,0.0,2235.45,7.109331787890948,12.054804401828662,0.0015921262121870025,"(938.263, 1368.418]","(1013.903, 4872.69]"
34.28970109785732,75.03039118086126,3379.04,1275.7426208720187,6909,2.0244159791576206,5.575332888922793,85.61,0.03,11.0,27.386800000000004,0.020263424518743668,0.0017368649587494573,0.0,0.0,3379.04,7.152067285892503,13.528240615426924,0.0017368649587494573,"(938.263, 1368.418]","(1013.903, 4872.69]"
34.45646310971087,74.68636974805226,2569.63,1268.3648914036246,6909,2.1218106817194964,5.337081541595593,74.11,0.04,11.425999999999995,26.52560000000001,0.01852655955999421,0.0014473874656245477,0.0,0.0,2569.63,7.146271968859218,12.501392196363021,0.0014473874656245477,"(938.263, 1368.418]","(1013.903, 4872.69]"
34.51521461009159,74.19461407630405,2569.63,1244.2452268548845,6909,2.1218106817194964,5.337081541595593,74.11,0.04,11.425999999999995,26.52560000000001,0.01852655955999421,0.0014473874656245477,0.0,0.0,2569.63,7.127087758864243,12.501392196363021,0.0014473874656245477,"(938.263, 1368.418]","(1013.903, 4872.69]"
